timestamp,message
1714415954221,"INIT_START Runtime Version: python:3.11.v34	Runtime Version ARN: arn:aws:lambda:eu-central-1::runtime:1bebe65bb4f19dd8c37baeb0be18a0b278155b42bfe12dd28480199436d18229
"
1714415954591,"START RequestId: 077439eb-aae7-4a2c-b3e9-5e32c22b012b Version: $LATEST
"
1714415954591,"{'Records': [{'eventID': '06619a7e26fedc21b5895748bc111768', 'eventName': 'INSERT', 'eventVersion': '1.1', 'eventSource': 'aws:dynamodb', 'awsRegion': 'eu-central-1', 'dynamodb': {'ApproximateCreationDateTime': 1714415953.0, 'Keys': {'partition_key': {'S': '18:39:11.004'}, 'sort_key': {'S': 'abc'}}, 'NewImage': {'partition_key': {'S': '18:39:11.004'}, 'Probability': {'S': '0.6969475863122349'}, 'Actual': {'S': 'setosa'}, 'Class': {'S': 'virginica'}, 'Features': {'S': ""{'species': 'setosa', 'elevation': 161.8, 'soil_type': 0, 'sepal_length': 5.16, 'sepal_width': 3.41, 'petal_length': 1.64, 'petal_width': 0.26, 'sepal_area': 17.5956, 'petal_area': 0.4264, 'sepal_aspect_ratio': 1.5131964809384164, 'petal_aspect_ratio': 6.307692307692308, 'sepal_to_petal_length_ratio': 3.1463414634146343, 'sepal_to_petal_width_ratio': 13.115384615384617, 'sepal_petal_length_diff': 3.5200000000000005, 'sepal_petal_width_diff': 3.1500000000000004, 'petal_curvature_mm': 5.33, 'petal_texture_trichomes_per_mm2': 18.33, 'leaf_area_cm2': 53.21, 'sepal_area_sqrt': 4.194710955477147, 'petal_area_sqrt': 0.6529931086925803, 'area_ratios': 41.265478424015015}""}, 'sort_key': {'S': 'abc'}}, 'SequenceNumber': '8600000000027454259024', 'SizeBytes': 806, 'StreamViewType': 'NEW_IMAGE'}, 'eventSourceARN': 'arn:aws:dynamodb:eu-central-1:992382589116:table/IrisExtended/stream/2024-04-29T18:23:44.327'}]}
"
1714415954591,"{'eventID': '06619a7e26fedc21b5895748bc111768', 'eventName': 'INSERT', 'eventVersion': '1.1', 'eventSource': 'aws:dynamodb', 'awsRegion': 'eu-central-1', 'dynamodb': {'ApproximateCreationDateTime': 1714415953.0, 'Keys': {'partition_key': {'S': '18:39:11.004'}, 'sort_key': {'S': 'abc'}}, 'NewImage': {'partition_key': {'S': '18:39:11.004'}, 'Probability': {'S': '0.6969475863122349'}, 'Actual': {'S': 'setosa'}, 'Class': {'S': 'virginica'}, 'Features': {'S': ""{'species': 'setosa', 'elevation': 161.8, 'soil_type': 0, 'sepal_length': 5.16, 'sepal_width': 3.41, 'petal_length': 1.64, 'petal_width': 0.26, 'sepal_area': 17.5956, 'petal_area': 0.4264, 'sepal_aspect_ratio': 1.5131964809384164, 'petal_aspect_ratio': 6.307692307692308, 'sepal_to_petal_length_ratio': 3.1463414634146343, 'sepal_to_petal_width_ratio': 13.115384615384617, 'sepal_petal_length_diff': 3.5200000000000005, 'sepal_petal_width_diff': 3.1500000000000004, 'petal_curvature_mm': 5.33, 'petal_texture_trichomes_per_mm2': 18.33, 'leaf_area_cm2': 53.21, 'sepal_area_sqrt': 4.194710955477147, 'petal_area_sqrt': 0.6529931086925803, 'area_ratios': 41.265478424015015}""}, 'sort_key': {'S': 'abc'}}, 'SequenceNumber': '8600000000027454259024', 'SizeBytes': 806, 'StreamViewType': 'NEW_IMAGE'}, 'eventSourceARN': 'arn:aws:dynamodb:eu-central-1:992382589116:table/IrisExtended/stream/2024-04-29T18:23:44.327'}
"
1714415954591,"{'partition_key': {'S': '18:39:11.004'}, 'Probability': {'S': '0.6969475863122349'}, 'Actual': {'S': 'setosa'}, 'Class': {'S': 'virginica'}, 'Features': {'S': ""{'species': 'setosa', 'elevation': 161.8, 'soil_type': 0, 'sepal_length': 5.16, 'sepal_width': 3.41, 'petal_length': 1.64, 'petal_width': 0.26, 'sepal_area': 17.5956, 'petal_area': 0.4264, 'sepal_aspect_ratio': 1.5131964809384164, 'petal_aspect_ratio': 6.307692307692308, 'sepal_to_petal_length_ratio': 3.1463414634146343, 'sepal_to_petal_width_ratio': 13.115384615384617, 'sepal_petal_length_diff': 3.5200000000000005, 'sepal_petal_width_diff': 3.1500000000000004, 'petal_curvature_mm': 5.33, 'petal_texture_trichomes_per_mm2': 18.33, 'leaf_area_cm2': 53.21, 'sepal_area_sqrt': 4.194710955477147, 'petal_area_sqrt': 0.6529931086925803, 'area_ratios': 41.265478424015015}""}, 'sort_key': {'S': 'abc'}}
"
1714415954779,"{'ResponseMetadata': {'RequestId': '225A4JC92FV646UU3RKO4BL7RJVV4KQNSO5AEMVJF66Q9ASUAAJG', 'HTTPStatusCode': 200, 'HTTPHeaders': {'server': 'Server', 'date': 'Mon, 29 Apr 2024 18:39:14 GMT', 'content-type': 'application/x-amz-json-1.0', 'content-length': '2', 'connection': 'keep-alive', 'x-amzn-requestid': '225A4JC92FV646UU3RKO4BL7RJVV4KQNSO5AEMVJF66Q9ASUAAJG', 'x-amz-crc32': '2745614147'}, 'RetryAttempts': 0}}
"
1714415954797,"END RequestId: 077439eb-aae7-4a2c-b3e9-5e32c22b012b
"
1714415954797,"REPORT RequestId: 077439eb-aae7-4a2c-b3e9-5e32c22b012b	Duration: 206.00 ms	Billed Duration: 207 ms	Memory Size: 128 MB	Max Memory Used: 76 MB	Init Duration: 369.04 ms	
"
1714415954806,"START RequestId: b5c72b1f-4992-47fb-82f0-95e057f64e7e Version: $LATEST
"
1714415954807,"{'Records': [{'eventID': 'caffe986c46b248d734cefc142369fc5', 'eventName': 'INSERT', 'eventVersion': '1.1', 'eventSource': 'aws:dynamodb', 'awsRegion': 'eu-central-1', 'dynamodb': {'ApproximateCreationDateTime': 1714415953.0, 'Keys': {'partition_key': {'S': '18:39:12.686'}, 'sort_key': {'S': 'abc'}}, 'NewImage': {'partition_key': {'S': '18:39:12.686'}, 'Probability': {'S': '1.0'}, 'Actual': {'S': 'setosa'}, 'Class': {'S': 'setosa'}, 'Features': {'S': ""{'species': 'setosa', 'elevation': 291.4, 'soil_type': 1, 'sepal_length': 5.48, 'sepal_width': 4.05, 'petal_length': 1.53, 'petal_width': 0.37, 'sepal_area': 22.194, 'petal_area': 0.5661, 'sepal_aspect_ratio': 1.3530864197530863, 'petal_aspect_ratio': 4.135135135135135, 'sepal_to_petal_length_ratio': 3.581699346405229, 'sepal_to_petal_width_ratio': 10.945945945945946, 'sepal_petal_length_diff': 3.95, 'sepal_petal_width_diff': 3.68, 'petal_curvature_mm': 5.9, 'petal_texture_trichomes_per_mm2': 20.45, 'leaf_area_cm2': 52.53, 'sepal_area_sqrt': 4.711050838188864, 'petal_area_sqrt': 0.7523961722390672, 'area_ratios': 39.205087440381554}""}, 'sort_key': {'S': 'abc'}}, 'SequenceNumber': '8700000000027454259089', 'SizeBytes': 757, 'StreamViewType': 'NEW_IMAGE'}, 'eventSourceARN': 'arn:aws:dynamodb:eu-central-1:992382589116:table/IrisExtended/stream/2024-04-29T18:23:44.327'}]}
"
1714415954807,"{'eventID': 'caffe986c46b248d734cefc142369fc5', 'eventName': 'INSERT', 'eventVersion': '1.1', 'eventSource': 'aws:dynamodb', 'awsRegion': 'eu-central-1', 'dynamodb': {'ApproximateCreationDateTime': 1714415953.0, 'Keys': {'partition_key': {'S': '18:39:12.686'}, 'sort_key': {'S': 'abc'}}, 'NewImage': {'partition_key': {'S': '18:39:12.686'}, 'Probability': {'S': '1.0'}, 'Actual': {'S': 'setosa'}, 'Class': {'S': 'setosa'}, 'Features': {'S': ""{'species': 'setosa', 'elevation': 291.4, 'soil_type': 1, 'sepal_length': 5.48, 'sepal_width': 4.05, 'petal_length': 1.53, 'petal_width': 0.37, 'sepal_area': 22.194, 'petal_area': 0.5661, 'sepal_aspect_ratio': 1.3530864197530863, 'petal_aspect_ratio': 4.135135135135135, 'sepal_to_petal_length_ratio': 3.581699346405229, 'sepal_to_petal_width_ratio': 10.945945945945946, 'sepal_petal_length_diff': 3.95, 'sepal_petal_width_diff': 3.68, 'petal_curvature_mm': 5.9, 'petal_texture_trichomes_per_mm2': 20.45, 'leaf_area_cm2': 52.53, 'sepal_area_sqrt': 4.711050838188864, 'petal_area_sqrt': 0.7523961722390672, 'area_ratios': 39.205087440381554}""}, 'sort_key': {'S': 'abc'}}, 'SequenceNumber': '8700000000027454259089', 'SizeBytes': 757, 'StreamViewType': 'NEW_IMAGE'}, 'eventSourceARN': 'arn:aws:dynamodb:eu-central-1:992382589116:table/IrisExtended/stream/2024-04-29T18:23:44.327'}
"
1714415954807,"{'partition_key': {'S': '18:39:12.686'}, 'Probability': {'S': '1.0'}, 'Actual': {'S': 'setosa'}, 'Class': {'S': 'setosa'}, 'Features': {'S': ""{'species': 'setosa', 'elevation': 291.4, 'soil_type': 1, 'sepal_length': 5.48, 'sepal_width': 4.05, 'petal_length': 1.53, 'petal_width': 0.37, 'sepal_area': 22.194, 'petal_area': 0.5661, 'sepal_aspect_ratio': 1.3530864197530863, 'petal_aspect_ratio': 4.135135135135135, 'sepal_to_petal_length_ratio': 3.581699346405229, 'sepal_to_petal_width_ratio': 10.945945945945946, 'sepal_petal_length_diff': 3.95, 'sepal_petal_width_diff': 3.68, 'petal_curvature_mm': 5.9, 'petal_texture_trichomes_per_mm2': 20.45, 'leaf_area_cm2': 52.53, 'sepal_area_sqrt': 4.711050838188864, 'petal_area_sqrt': 0.7523961722390672, 'area_ratios': 39.205087440381554}""}, 'sort_key': {'S': 'abc'}}
"
1714415954816,"END RequestId: b5c72b1f-4992-47fb-82f0-95e057f64e7e
"
1714415954816,"REPORT RequestId: b5c72b1f-4992-47fb-82f0-95e057f64e7e	Duration: 9.87 ms	Billed Duration: 10 ms	Memory Size: 128 MB	Max Memory Used: 77 MB	
"
1714415954820,"START RequestId: bfda0360-a5c2-483d-995c-eaf1838820a6 Version: $LATEST
"
1714415954836,"{'Records': [{'eventID': '016e3b9380074bcd8a655cdd33a4d4b7', 'eventName': 'INSERT', 'eventVersion': '1.1', 'eventSource': 'aws:dynamodb', 'awsRegion': 'eu-central-1', 'dynamodb': {'ApproximateCreationDateTime': 1714415953.0, 'Keys': {'partition_key': {'S': '18:39:12.883'}, 'sort_key': {'S': 'abc'}}, 'NewImage': {'partition_key': {'S': '18:39:12.883'}, 'Probability': {'S': '1.0'}, 'Actual': {'S': 'setosa'}, 'Class': {'S': 'setosa'}, 'Features': {'S': ""{'species': 'setosa', 'elevation': 144.3, 'soil_type': 0, 'sepal_length': 5.1, 'sepal_width': 2.8, 'petal_length': 1.47, 'petal_width': 0.38, 'sepal_area': 14.279999999999998, 'petal_area': 0.5586, 'sepal_aspect_ratio': 1.8214285714285716, 'petal_aspect_ratio': 3.8684210526315783, 'sepal_to_petal_length_ratio': 3.4693877551020407, 'sepal_to_petal_width_ratio': 7.368421052631579, 'sepal_petal_length_diff': 3.63, 'sepal_petal_width_diff': 2.42, 'petal_curvature_mm': 5.66, 'petal_texture_trichomes_per_mm2': 24.62, 'leaf_area_cm2': 50.25, 'sepal_area_sqrt': 3.778888725538237, 'petal_area_sqrt': 0.7473954776421918, 'area_ratios': 25.563909774436087}""}, 'sort_key': {'S': 'abc'}}, 'SequenceNumber': '8800000000027454259100', 'SizeBytes': 769, 'StreamViewType': 'NEW_IMAGE'}, 'eventSourceARN': 'arn:aws:dynamodb:eu-central-1:992382589116:table/IrisExtended/stream/2024-04-29T18:23:44.327'}]}
"
1714415954836,"{'eventID': '016e3b9380074bcd8a655cdd33a4d4b7', 'eventName': 'INSERT', 'eventVersion': '1.1', 'eventSource': 'aws:dynamodb', 'awsRegion': 'eu-central-1', 'dynamodb': {'ApproximateCreationDateTime': 1714415953.0, 'Keys': {'partition_key': {'S': '18:39:12.883'}, 'sort_key': {'S': 'abc'}}, 'NewImage': {'partition_key': {'S': '18:39:12.883'}, 'Probability': {'S': '1.0'}, 'Actual': {'S': 'setosa'}, 'Class': {'S': 'setosa'}, 'Features': {'S': ""{'species': 'setosa', 'elevation': 144.3, 'soil_type': 0, 'sepal_length': 5.1, 'sepal_width': 2.8, 'petal_length': 1.47, 'petal_width': 0.38, 'sepal_area': 14.279999999999998, 'petal_area': 0.5586, 'sepal_aspect_ratio': 1.8214285714285716, 'petal_aspect_ratio': 3.8684210526315783, 'sepal_to_petal_length_ratio': 3.4693877551020407, 'sepal_to_petal_width_ratio': 7.368421052631579, 'sepal_petal_length_diff': 3.63, 'sepal_petal_width_diff': 2.42, 'petal_curvature_mm': 5.66, 'petal_texture_trichomes_per_mm2': 24.62, 'leaf_area_cm2': 50.25, 'sepal_area_sqrt': 3.778888725538237, 'petal_area_sqrt': 0.7473954776421918, 'area_ratios': 25.563909774436087}""}, 'sort_key': {'S': 'abc'}}, 'SequenceNumber': '8800000000027454259100', 'SizeBytes': 769, 'StreamViewType': 'NEW_IMAGE'}, 'eventSourceARN': 'arn:aws:dynamodb:eu-central-1:992382589116:table/IrisExtended/stream/2024-04-29T18:23:44.327'}
"
1714415954836,"{'partition_key': {'S': '18:39:12.883'}, 'Probability': {'S': '1.0'}, 'Actual': {'S': 'setosa'}, 'Class': {'S': 'setosa'}, 'Features': {'S': ""{'species': 'setosa', 'elevation': 144.3, 'soil_type': 0, 'sepal_length': 5.1, 'sepal_width': 2.8, 'petal_length': 1.47, 'petal_width': 0.38, 'sepal_area': 14.279999999999998, 'petal_area': 0.5586, 'sepal_aspect_ratio': 1.8214285714285716, 'petal_aspect_ratio': 3.8684210526315783, 'sepal_to_petal_length_ratio': 3.4693877551020407, 'sepal_to_petal_width_ratio': 7.368421052631579, 'sepal_petal_length_diff': 3.63, 'sepal_petal_width_diff': 2.42, 'petal_curvature_mm': 5.66, 'petal_texture_trichomes_per_mm2': 24.62, 'leaf_area_cm2': 50.25, 'sepal_area_sqrt': 3.778888725538237, 'petal_area_sqrt': 0.7473954776421918, 'area_ratios': 25.563909774436087}""}, 'sort_key': {'S': 'abc'}}
"
1714415954837,"END RequestId: bfda0360-a5c2-483d-995c-eaf1838820a6
"
1714415954837,"REPORT RequestId: bfda0360-a5c2-483d-995c-eaf1838820a6	Duration: 16.64 ms	Billed Duration: 17 ms	Memory Size: 128 MB	Max Memory Used: 77 MB	
"
1714415954846,"START RequestId: 96f759d2-712b-489d-87c2-b657d92a98b4 Version: $LATEST
"
1714415954846,"{'Records': [{'eventID': 'd64badd2ddca5ecedc049555b979e756', 'eventName': 'INSERT', 'eventVersion': '1.1', 'eventSource': 'aws:dynamodb', 'awsRegion': 'eu-central-1', 'dynamodb': {'ApproximateCreationDateTime': 1714415954.0, 'Keys': {'partition_key': {'S': '18:39:13.127'}, 'sort_key': {'S': 'abc'}}, 'NewImage': {'partition_key': {'S': '18:39:13.127'}, 'Probability': {'S': '0.298299965441015'}, 'Actual': {'S': 'setosa'}, 'Class': {'S': 'versicolor'}, 'Features': {'S': ""{'species': 'setosa', 'elevation': 114.6, 'soil_type': 1, 'sepal_length': 4.64, 'sepal_width': 3.44, 'petal_length': 1.53, 'petal_width': 0.17, 'sepal_area': 15.9616, 'petal_area': 0.2601, 'sepal_aspect_ratio': 1.3488372093023255, 'petal_aspect_ratio': 9.0, 'sepal_to_petal_length_ratio': 3.0326797385620914, 'sepal_to_petal_width_ratio': 20.235294117647054, 'sepal_petal_length_diff': 3.1099999999999994, 'sepal_petal_width_diff': 3.27, 'petal_curvature_mm': 4.51, 'petal_texture_trichomes_per_mm2': 22.91, 'leaf_area_cm2': 50.85, 'sepal_area_sqrt': 3.995197116538807, 'petal_area_sqrt': 0.51, 'area_ratios': 61.367166474432906}""}, 'sort_key': {'S': 'abc'}}, 'SequenceNumber': '8900000000027454259158', 'SizeBytes': 764, 'StreamViewType': 'NEW_IMAGE'}, 'eventSourceARN': 'arn:aws:dynamodb:eu-central-1:992382589116:table/IrisExtended/stream/2024-04-29T18:23:44.327'}]}
"
1714415954846,"{'eventID': 'd64badd2ddca5ecedc049555b979e756', 'eventName': 'INSERT', 'eventVersion': '1.1', 'eventSource': 'aws:dynamodb', 'awsRegion': 'eu-central-1', 'dynamodb': {'ApproximateCreationDateTime': 1714415954.0, 'Keys': {'partition_key': {'S': '18:39:13.127'}, 'sort_key': {'S': 'abc'}}, 'NewImage': {'partition_key': {'S': '18:39:13.127'}, 'Probability': {'S': '0.298299965441015'}, 'Actual': {'S': 'setosa'}, 'Class': {'S': 'versicolor'}, 'Features': {'S': ""{'species': 'setosa', 'elevation': 114.6, 'soil_type': 1, 'sepal_length': 4.64, 'sepal_width': 3.44, 'petal_length': 1.53, 'petal_width': 0.17, 'sepal_area': 15.9616, 'petal_area': 0.2601, 'sepal_aspect_ratio': 1.3488372093023255, 'petal_aspect_ratio': 9.0, 'sepal_to_petal_length_ratio': 3.0326797385620914, 'sepal_to_petal_width_ratio': 20.235294117647054, 'sepal_petal_length_diff': 3.1099999999999994, 'sepal_petal_width_diff': 3.27, 'petal_curvature_mm': 4.51, 'petal_texture_trichomes_per_mm2': 22.91, 'leaf_area_cm2': 50.85, 'sepal_area_sqrt': 3.995197116538807, 'petal_area_sqrt': 0.51, 'area_ratios': 61.367166474432906}""}, 'sort_key': {'S': 'abc'}}, 'SequenceNumber': '8900000000027454259158', 'SizeBytes': 764, 'StreamViewType': 'NEW_IMAGE'}, 'eventSourceARN': 'arn:aws:dynamodb:eu-central-1:992382589116:table/IrisExtended/stream/2024-04-29T18:23:44.327'}
"
1714415954846,"{'partition_key': {'S': '18:39:13.127'}, 'Probability': {'S': '0.298299965441015'}, 'Actual': {'S': 'setosa'}, 'Class': {'S': 'versicolor'}, 'Features': {'S': ""{'species': 'setosa', 'elevation': 114.6, 'soil_type': 1, 'sepal_length': 4.64, 'sepal_width': 3.44, 'petal_length': 1.53, 'petal_width': 0.17, 'sepal_area': 15.9616, 'petal_area': 0.2601, 'sepal_aspect_ratio': 1.3488372093023255, 'petal_aspect_ratio': 9.0, 'sepal_to_petal_length_ratio': 3.0326797385620914, 'sepal_to_petal_width_ratio': 20.235294117647054, 'sepal_petal_length_diff': 3.1099999999999994, 'sepal_petal_width_diff': 3.27, 'petal_curvature_mm': 4.51, 'petal_texture_trichomes_per_mm2': 22.91, 'leaf_area_cm2': 50.85, 'sepal_area_sqrt': 3.995197116538807, 'petal_area_sqrt': 0.51, 'area_ratios': 61.367166474432906}""}, 'sort_key': {'S': 'abc'}}
"
1714415954857,"{'ResponseMetadata': {'RequestId': 'USVSLIQSB2LDCE7KR6PU41318NVV4KQNSO5AEMVJF66Q9ASUAAJG', 'HTTPStatusCode': 200, 'HTTPHeaders': {'server': 'Server', 'date': 'Mon, 29 Apr 2024 18:39:14 GMT', 'content-type': 'application/x-amz-json-1.0', 'content-length': '2', 'connection': 'keep-alive', 'x-amzn-requestid': 'USVSLIQSB2LDCE7KR6PU41318NVV4KQNSO5AEMVJF66Q9ASUAAJG', 'x-amz-crc32': '2745614147'}, 'RetryAttempts': 0}}
"
1714415954857,"END RequestId: 96f759d2-712b-489d-87c2-b657d92a98b4
"
1714415954857,"REPORT RequestId: 96f759d2-712b-489d-87c2-b657d92a98b4	Duration: 11.91 ms	Billed Duration: 12 ms	Memory Size: 128 MB	Max Memory Used: 77 MB	
"
1714415954869,"START RequestId: e7f055da-dfa8-4ed3-895a-97fe87f64ff0 Version: $LATEST
"
1714415954876,"{'Records': [{'eventID': '31b69c0a804d81d6def2534d5097aa08', 'eventName': 'INSERT', 'eventVersion': '1.1', 'eventSource': 'aws:dynamodb', 'awsRegion': 'eu-central-1', 'dynamodb': {'ApproximateCreationDateTime': 1714415954.0, 'Keys': {'partition_key': {'S': '18:39:13.325'}, 'sort_key': {'S': 'abc'}}, 'NewImage': {'partition_key': {'S': '18:39:13.325'}, 'Probability': {'S': '1.0'}, 'Actual': {'S': 'setosa'}, 'Class': {'S': 'setosa'}, 'Features': {'S': ""{'species': 'setosa', 'elevation': 110.9, 'soil_type': 2, 'sepal_length': 4.85, 'sepal_width': 2.87, 'petal_length': 1.23, 'petal_width': 0.26, 'sepal_area': 13.9195, 'petal_area': 0.3198, 'sepal_aspect_ratio': 1.6898954703832751, 'petal_aspect_ratio': 4.730769230769231, 'sepal_to_petal_length_ratio': 3.9430894308943087, 'sepal_to_petal_width_ratio': 11.038461538461538, 'sepal_petal_length_diff': 3.62, 'sepal_petal_width_diff': 2.6100000000000003, 'petal_curvature_mm': 4.03, 'petal_texture_trichomes_per_mm2': 21.56, 'leaf_area_cm2': 40.57, 'sepal_area_sqrt': 3.730884613600373, 'petal_area_sqrt': 0.5655086206239477, 'area_ratios': 43.52564102564102}""}, 'sort_key': {'S': 'abc'}}, 'SequenceNumber': '9000000000027454259392', 'SizeBytes': 773, 'StreamViewType': 'NEW_IMAGE'}, 'eventSourceARN': 'arn:aws:dynamodb:eu-central-1:992382589116:table/IrisExtended/stream/2024-04-29T18:23:44.327'}]}
"
1714415954876,"{'eventID': '31b69c0a804d81d6def2534d5097aa08', 'eventName': 'INSERT', 'eventVersion': '1.1', 'eventSource': 'aws:dynamodb', 'awsRegion': 'eu-central-1', 'dynamodb': {'ApproximateCreationDateTime': 1714415954.0, 'Keys': {'partition_key': {'S': '18:39:13.325'}, 'sort_key': {'S': 'abc'}}, 'NewImage': {'partition_key': {'S': '18:39:13.325'}, 'Probability': {'S': '1.0'}, 'Actual': {'S': 'setosa'}, 'Class': {'S': 'setosa'}, 'Features': {'S': ""{'species': 'setosa', 'elevation': 110.9, 'soil_type': 2, 'sepal_length': 4.85, 'sepal_width': 2.87, 'petal_length': 1.23, 'petal_width': 0.26, 'sepal_area': 13.9195, 'petal_area': 0.3198, 'sepal_aspect_ratio': 1.6898954703832751, 'petal_aspect_ratio': 4.730769230769231, 'sepal_to_petal_length_ratio': 3.9430894308943087, 'sepal_to_petal_width_ratio': 11.038461538461538, 'sepal_petal_length_diff': 3.62, 'sepal_petal_width_diff': 2.6100000000000003, 'petal_curvature_mm': 4.03, 'petal_texture_trichomes_per_mm2': 21.56, 'leaf_area_cm2': 40.57, 'sepal_area_sqrt': 3.730884613600373, 'petal_area_sqrt': 0.5655086206239477, 'area_ratios': 43.52564102564102}""}, 'sort_key': {'S': 'abc'}}, 'SequenceNumber': '9000000000027454259392', 'SizeBytes': 773, 'StreamViewType': 'NEW_IMAGE'}, 'eventSourceARN': 'arn:aws:dynamodb:eu-central-1:992382589116:table/IrisExtended/stream/2024-04-29T18:23:44.327'}
"
1714415954876,"{'partition_key': {'S': '18:39:13.325'}, 'Probability': {'S': '1.0'}, 'Actual': {'S': 'setosa'}, 'Class': {'S': 'setosa'}, 'Features': {'S': ""{'species': 'setosa', 'elevation': 110.9, 'soil_type': 2, 'sepal_length': 4.85, 'sepal_width': 2.87, 'petal_length': 1.23, 'petal_width': 0.26, 'sepal_area': 13.9195, 'petal_area': 0.3198, 'sepal_aspect_ratio': 1.6898954703832751, 'petal_aspect_ratio': 4.730769230769231, 'sepal_to_petal_length_ratio': 3.9430894308943087, 'sepal_to_petal_width_ratio': 11.038461538461538, 'sepal_petal_length_diff': 3.62, 'sepal_petal_width_diff': 2.6100000000000003, 'petal_curvature_mm': 4.03, 'petal_texture_trichomes_per_mm2': 21.56, 'leaf_area_cm2': 40.57, 'sepal_area_sqrt': 3.730884613600373, 'petal_area_sqrt': 0.5655086206239477, 'area_ratios': 43.52564102564102}""}, 'sort_key': {'S': 'abc'}}
"
1714415954877,"END RequestId: e7f055da-dfa8-4ed3-895a-97fe87f64ff0
"
1714415954877,"REPORT RequestId: e7f055da-dfa8-4ed3-895a-97fe87f64ff0	Duration: 8.39 ms	Billed Duration: 9 ms	Memory Size: 128 MB	Max Memory Used: 77 MB	
"
1714415954888,"START RequestId: 279c8b3a-cb9d-42cc-ba33-43a92aea95fd Version: $LATEST
"
1714415954889,"{'Records': [{'eventID': 'cb540d062734c8a5fc9e3d63a28616f5', 'eventName': 'INSERT', 'eventVersion': '1.1', 'eventSource': 'aws:dynamodb', 'awsRegion': 'eu-central-1', 'dynamodb': {'ApproximateCreationDateTime': 1714415954.0, 'Keys': {'partition_key': {'S': '18:39:13.541'}, 'sort_key': {'S': 'abc'}}, 'NewImage': {'partition_key': {'S': '18:39:13.541'}, 'Probability': {'S': '1.0'}, 'Actual': {'S': 'setosa'}, 'Class': {'S': 'setosa'}, 'Features': {'S': ""{'species': 'setosa', 'elevation': 164.4, 'soil_type': 1, 'sepal_length': 4.91, 'sepal_width': 3.19, 'petal_length': 1.86, 'petal_width': 0.35, 'sepal_area': 15.6629, 'petal_area': 0.651, 'sepal_aspect_ratio': 1.5391849529780566, 'petal_aspect_ratio': 5.314285714285715, 'sepal_to_petal_length_ratio': 2.639784946236559, 'sepal_to_petal_width_ratio': 9.114285714285714, 'sepal_petal_length_diff': 3.05, 'sepal_petal_width_diff': 2.84, 'petal_curvature_mm': 6.18, 'petal_texture_trichomes_per_mm2': 18.52, 'leaf_area_cm2': 48.14, 'sepal_area_sqrt': 3.957638184574229, 'petal_area_sqrt': 0.8068457101577724, 'area_ratios': 24.059754224270357}""}, 'sort_key': {'S': 'abc'}}, 'SequenceNumber': '9100000000027454259538', 'SizeBytes': 757, 'StreamViewType': 'NEW_IMAGE'}, 'eventSourceARN': 'arn:aws:dynamodb:eu-central-1:992382589116:table/IrisExtended/stream/2024-04-29T18:23:44.327'}]}
"
1714415954889,"{'eventID': 'cb540d062734c8a5fc9e3d63a28616f5', 'eventName': 'INSERT', 'eventVersion': '1.1', 'eventSource': 'aws:dynamodb', 'awsRegion': 'eu-central-1', 'dynamodb': {'ApproximateCreationDateTime': 1714415954.0, 'Keys': {'partition_key': {'S': '18:39:13.541'}, 'sort_key': {'S': 'abc'}}, 'NewImage': {'partition_key': {'S': '18:39:13.541'}, 'Probability': {'S': '1.0'}, 'Actual': {'S': 'setosa'}, 'Class': {'S': 'setosa'}, 'Features': {'S': ""{'species': 'setosa', 'elevation': 164.4, 'soil_type': 1, 'sepal_length': 4.91, 'sepal_width': 3.19, 'petal_length': 1.86, 'petal_width': 0.35, 'sepal_area': 15.6629, 'petal_area': 0.651, 'sepal_aspect_ratio': 1.5391849529780566, 'petal_aspect_ratio': 5.314285714285715, 'sepal_to_petal_length_ratio': 2.639784946236559, 'sepal_to_petal_width_ratio': 9.114285714285714, 'sepal_petal_length_diff': 3.05, 'sepal_petal_width_diff': 2.84, 'petal_curvature_mm': 6.18, 'petal_texture_trichomes_per_mm2': 18.52, 'leaf_area_cm2': 48.14, 'sepal_area_sqrt': 3.957638184574229, 'petal_area_sqrt': 0.8068457101577724, 'area_ratios': 24.059754224270357}""}, 'sort_key': {'S': 'abc'}}, 'SequenceNumber': '9100000000027454259538', 'SizeBytes': 757, 'StreamViewType': 'NEW_IMAGE'}, 'eventSourceARN': 'arn:aws:dynamodb:eu-central-1:992382589116:table/IrisExtended/stream/2024-04-29T18:23:44.327'}
"
1714415954889,"{'partition_key': {'S': '18:39:13.541'}, 'Probability': {'S': '1.0'}, 'Actual': {'S': 'setosa'}, 'Class': {'S': 'setosa'}, 'Features': {'S': ""{'species': 'setosa', 'elevation': 164.4, 'soil_type': 1, 'sepal_length': 4.91, 'sepal_width': 3.19, 'petal_length': 1.86, 'petal_width': 0.35, 'sepal_area': 15.6629, 'petal_area': 0.651, 'sepal_aspect_ratio': 1.5391849529780566, 'petal_aspect_ratio': 5.314285714285715, 'sepal_to_petal_length_ratio': 2.639784946236559, 'sepal_to_petal_width_ratio': 9.114285714285714, 'sepal_petal_length_diff': 3.05, 'sepal_petal_width_diff': 2.84, 'petal_curvature_mm': 6.18, 'petal_texture_trichomes_per_mm2': 18.52, 'leaf_area_cm2': 48.14, 'sepal_area_sqrt': 3.957638184574229, 'petal_area_sqrt': 0.8068457101577724, 'area_ratios': 24.059754224270357}""}, 'sort_key': {'S': 'abc'}}
"
1714415954899,"END RequestId: 279c8b3a-cb9d-42cc-ba33-43a92aea95fd
"
1714415954899,"REPORT RequestId: 279c8b3a-cb9d-42cc-ba33-43a92aea95fd	Duration: 10.84 ms	Billed Duration: 11 ms	Memory Size: 128 MB	Max Memory Used: 77 MB	
"
1714415954907,"START RequestId: 7b3dca25-ebdd-4172-b0ec-5023c4b23005 Version: $LATEST
"
1714415954908,"{'Records': [{'eventID': '6688d6a03ac286ce991f6ae46f372964', 'eventName': 'INSERT', 'eventVersion': '1.1', 'eventSource': 'aws:dynamodb', 'awsRegion': 'eu-central-1', 'dynamodb': {'ApproximateCreationDateTime': 1714415954.0, 'Keys': {'partition_key': {'S': '18:39:13.735'}, 'sort_key': {'S': 'abc'}}, 'NewImage': {'partition_key': {'S': '18:39:13.735'}, 'Probability': {'S': '0.5561233882672229'}, 'Actual': {'S': 'setosa'}, 'Class': {'S': 'setosa'}, 'Features': {'S': ""{'species': 'setosa', 'elevation': 239.9, 'soil_type': 1, 'sepal_length': 4.47, 'sepal_width': 3.91, 'petal_length': 1.42, 'petal_width': 0.41, 'sepal_area': 17.4777, 'petal_area': 0.5821999999999999, 'sepal_aspect_ratio': 1.1432225063938617, 'petal_aspect_ratio': 3.463414634146341, 'sepal_to_petal_length_ratio': 3.147887323943662, 'sepal_to_petal_width_ratio': 9.53658536585366, 'sepal_petal_length_diff': 3.05, 'sepal_petal_width_diff': 3.5, 'petal_curvature_mm': 6.13, 'petal_texture_trichomes_per_mm2': 22.25, 'leaf_area_cm2': 46.59, 'sepal_area_sqrt': 4.180633923222649, 'petal_area_sqrt': 0.7630203142774116, 'area_ratios': 30.020096186877364}""}, 'sort_key': {'S': 'abc'}}, 'SequenceNumber': '9200000000027454259733', 'SizeBytes': 783, 'StreamViewType': 'NEW_IMAGE'}, 'eventSourceARN': 'arn:aws:dynamodb:eu-central-1:992382589116:table/IrisExtended/stream/2024-04-29T18:23:44.327'}]}
"
1714415954908,"{'eventID': '6688d6a03ac286ce991f6ae46f372964', 'eventName': 'INSERT', 'eventVersion': '1.1', 'eventSource': 'aws:dynamodb', 'awsRegion': 'eu-central-1', 'dynamodb': {'ApproximateCreationDateTime': 1714415954.0, 'Keys': {'partition_key': {'S': '18:39:13.735'}, 'sort_key': {'S': 'abc'}}, 'NewImage': {'partition_key': {'S': '18:39:13.735'}, 'Probability': {'S': '0.5561233882672229'}, 'Actual': {'S': 'setosa'}, 'Class': {'S': 'setosa'}, 'Features': {'S': ""{'species': 'setosa', 'elevation': 239.9, 'soil_type': 1, 'sepal_length': 4.47, 'sepal_width': 3.91, 'petal_length': 1.42, 'petal_width': 0.41, 'sepal_area': 17.4777, 'petal_area': 0.5821999999999999, 'sepal_aspect_ratio': 1.1432225063938617, 'petal_aspect_ratio': 3.463414634146341, 'sepal_to_petal_length_ratio': 3.147887323943662, 'sepal_to_petal_width_ratio': 9.53658536585366, 'sepal_petal_length_diff': 3.05, 'sepal_petal_width_diff': 3.5, 'petal_curvature_mm': 6.13, 'petal_texture_trichomes_per_mm2': 22.25, 'leaf_area_cm2': 46.59, 'sepal_area_sqrt': 4.180633923222649, 'petal_area_sqrt': 0.7630203142774116, 'area_ratios': 30.020096186877364}""}, 'sort_key': {'S': 'abc'}}, 'SequenceNumber': '9200000000027454259733', 'SizeBytes': 783, 'StreamViewType': 'NEW_IMAGE'}, 'eventSourceARN': 'arn:aws:dynamodb:eu-central-1:992382589116:table/IrisExtended/stream/2024-04-29T18:23:44.327'}
"
1714415954908,"{'partition_key': {'S': '18:39:13.735'}, 'Probability': {'S': '0.5561233882672229'}, 'Actual': {'S': 'setosa'}, 'Class': {'S': 'setosa'}, 'Features': {'S': ""{'species': 'setosa', 'elevation': 239.9, 'soil_type': 1, 'sepal_length': 4.47, 'sepal_width': 3.91, 'petal_length': 1.42, 'petal_width': 0.41, 'sepal_area': 17.4777, 'petal_area': 0.5821999999999999, 'sepal_aspect_ratio': 1.1432225063938617, 'petal_aspect_ratio': 3.463414634146341, 'sepal_to_petal_length_ratio': 3.147887323943662, 'sepal_to_petal_width_ratio': 9.53658536585366, 'sepal_petal_length_diff': 3.05, 'sepal_petal_width_diff': 3.5, 'petal_curvature_mm': 6.13, 'petal_texture_trichomes_per_mm2': 22.25, 'leaf_area_cm2': 46.59, 'sepal_area_sqrt': 4.180633923222649, 'petal_area_sqrt': 0.7630203142774116, 'area_ratios': 30.020096186877364}""}, 'sort_key': {'S': 'abc'}}
"
1714415954916,"{'ResponseMetadata': {'RequestId': 'VRSLQP2CM2FHGHGCVA1POBFP2FVV4KQNSO5AEMVJF66Q9ASUAAJG', 'HTTPStatusCode': 200, 'HTTPHeaders': {'server': 'Server', 'date': 'Mon, 29 Apr 2024 18:39:14 GMT', 'content-type': 'application/x-amz-json-1.0', 'content-length': '2', 'connection': 'keep-alive', 'x-amzn-requestid': 'VRSLQP2CM2FHGHGCVA1POBFP2FVV4KQNSO5AEMVJF66Q9ASUAAJG', 'x-amz-crc32': '2745614147'}, 'RetryAttempts': 0}}
"
1714415954917,"END RequestId: 7b3dca25-ebdd-4172-b0ec-5023c4b23005
"
1714415954917,"REPORT RequestId: 7b3dca25-ebdd-4172-b0ec-5023c4b23005	Duration: 9.95 ms	Billed Duration: 10 ms	Memory Size: 128 MB	Max Memory Used: 77 MB	
"
1714415954936,"START RequestId: fbee4b9f-6fca-413e-95c4-30046974aeb1 Version: $LATEST
"
1714415954936,"{'Records': [{'eventID': 'b8c853eb05464fb83ac665016df3e8a2', 'eventName': 'INSERT', 'eventVersion': '1.1', 'eventSource': 'aws:dynamodb', 'awsRegion': 'eu-central-1', 'dynamodb': {'ApproximateCreationDateTime': 1714415954.0, 'Keys': {'partition_key': {'S': '18:39:13.924'}, 'sort_key': {'S': 'abc'}}, 'NewImage': {'partition_key': {'S': '18:39:13.924'}, 'Probability': {'S': '1.0'}, 'Actual': {'S': 'setosa'}, 'Class': {'S': 'setosa'}, 'Features': {'S': ""{'species': 'setosa', 'elevation': 101.5, 'soil_type': 2, 'sepal_length': 5.05, 'sepal_width': 4.13, 'petal_length': 1.59, 'petal_width': 0.22, 'sepal_area': 20.8565, 'petal_area': 0.3498, 'sepal_aspect_ratio': 1.2227602905569006, 'petal_aspect_ratio': 7.227272727272727, 'sepal_to_petal_length_ratio': 3.176100628930817, 'sepal_to_petal_width_ratio': 18.772727272727277, 'sepal_petal_length_diff': 3.46, 'sepal_petal_width_diff': 3.91, 'petal_curvature_mm': 5.09, 'petal_texture_trichomes_per_mm2': 14.94, 'leaf_area_cm2': 46.7, 'sepal_area_sqrt': 4.56689172194831, 'petal_area_sqrt': 0.5914389233048498, 'area_ratios': 59.624070897655805}""}, 'sort_key': {'S': 'abc'}}, 'SequenceNumber': '9300000000027454259844', 'SizeBytes': 757, 'StreamViewType': 'NEW_IMAGE'}, 'eventSourceARN': 'arn:aws:dynamodb:eu-central-1:992382589116:table/IrisExtended/stream/2024-04-29T18:23:44.327'}]}
"
1714415954936,"{'eventID': 'b8c853eb05464fb83ac665016df3e8a2', 'eventName': 'INSERT', 'eventVersion': '1.1', 'eventSource': 'aws:dynamodb', 'awsRegion': 'eu-central-1', 'dynamodb': {'ApproximateCreationDateTime': 1714415954.0, 'Keys': {'partition_key': {'S': '18:39:13.924'}, 'sort_key': {'S': 'abc'}}, 'NewImage': {'partition_key': {'S': '18:39:13.924'}, 'Probability': {'S': '1.0'}, 'Actual': {'S': 'setosa'}, 'Class': {'S': 'setosa'}, 'Features': {'S': ""{'species': 'setosa', 'elevation': 101.5, 'soil_type': 2, 'sepal_length': 5.05, 'sepal_width': 4.13, 'petal_length': 1.59, 'petal_width': 0.22, 'sepal_area': 20.8565, 'petal_area': 0.3498, 'sepal_aspect_ratio': 1.2227602905569006, 'petal_aspect_ratio': 7.227272727272727, 'sepal_to_petal_length_ratio': 3.176100628930817, 'sepal_to_petal_width_ratio': 18.772727272727277, 'sepal_petal_length_diff': 3.46, 'sepal_petal_width_diff': 3.91, 'petal_curvature_mm': 5.09, 'petal_texture_trichomes_per_mm2': 14.94, 'leaf_area_cm2': 46.7, 'sepal_area_sqrt': 4.56689172194831, 'petal_area_sqrt': 0.5914389233048498, 'area_ratios': 59.624070897655805}""}, 'sort_key': {'S': 'abc'}}, 'SequenceNumber': '9300000000027454259844', 'SizeBytes': 757, 'StreamViewType': 'NEW_IMAGE'}, 'eventSourceARN': 'arn:aws:dynamodb:eu-central-1:992382589116:table/IrisExtended/stream/2024-04-29T18:23:44.327'}
"
1714415954936,"{'partition_key': {'S': '18:39:13.924'}, 'Probability': {'S': '1.0'}, 'Actual': {'S': 'setosa'}, 'Class': {'S': 'setosa'}, 'Features': {'S': ""{'species': 'setosa', 'elevation': 101.5, 'soil_type': 2, 'sepal_length': 5.05, 'sepal_width': 4.13, 'petal_length': 1.59, 'petal_width': 0.22, 'sepal_area': 20.8565, 'petal_area': 0.3498, 'sepal_aspect_ratio': 1.2227602905569006, 'petal_aspect_ratio': 7.227272727272727, 'sepal_to_petal_length_ratio': 3.176100628930817, 'sepal_to_petal_width_ratio': 18.772727272727277, 'sepal_petal_length_diff': 3.46, 'sepal_petal_width_diff': 3.91, 'petal_curvature_mm': 5.09, 'petal_texture_trichomes_per_mm2': 14.94, 'leaf_area_cm2': 46.7, 'sepal_area_sqrt': 4.56689172194831, 'petal_area_sqrt': 0.5914389233048498, 'area_ratios': 59.624070897655805}""}, 'sort_key': {'S': 'abc'}}
"
1714415954938,"END RequestId: fbee4b9f-6fca-413e-95c4-30046974aeb1
"
1714415954938,"REPORT RequestId: fbee4b9f-6fca-413e-95c4-30046974aeb1	Duration: 2.20 ms	Billed Duration: 3 ms	Memory Size: 128 MB	Max Memory Used: 77 MB	
"
1714415955097,"START RequestId: 15b3e45f-102c-4b4b-a73f-efa9277e1a95 Version: $LATEST
"
1714415955097,"{'Records': [{'eventID': 'b1f4cea366b3984d103eb74c85522082', 'eventName': 'INSERT', 'eventVersion': '1.1', 'eventSource': 'aws:dynamodb', 'awsRegion': 'eu-central-1', 'dynamodb': {'ApproximateCreationDateTime': 1714415955.0, 'Keys': {'partition_key': {'S': '18:39:14.118'}, 'sort_key': {'S': 'abc'}}, 'NewImage': {'partition_key': {'S': '18:39:14.118'}, 'Probability': {'S': '1.0'}, 'Actual': {'S': 'setosa'}, 'Class': {'S': 'setosa'}, 'Features': {'S': ""{'species': 'setosa', 'elevation': 227.3, 'soil_type': 1, 'sepal_length': 5.2, 'sepal_width': 3.22, 'petal_length': 1.44, 'petal_width': 0.21, 'sepal_area': 16.744000000000003, 'petal_area': 0.3024, 'sepal_aspect_ratio': 1.6149068322981366, 'petal_aspect_ratio': 6.857142857142857, 'sepal_to_petal_length_ratio': 3.611111111111111, 'sepal_to_petal_width_ratio': 15.333333333333336, 'sepal_petal_length_diff': 3.76, 'sepal_petal_width_diff': 3.01, 'petal_curvature_mm': 4.36, 'petal_texture_trichomes_per_mm2': 19.24, 'leaf_area_cm2': 53.0, 'sepal_area_sqrt': 4.091943303615045, 'petal_area_sqrt': 0.5499090833947008, 'area_ratios': 55.37037037037038}""}, 'sort_key': {'S': 'abc'}}, 'SequenceNumber': '9400000000027454260008', 'SizeBytes': 767, 'StreamViewType': 'NEW_IMAGE'}, 'eventSourceARN': 'arn:aws:dynamodb:eu-central-1:992382589116:table/IrisExtended/stream/2024-04-29T18:23:44.327'}]}
"
1714415955097,"{'eventID': 'b1f4cea366b3984d103eb74c85522082', 'eventName': 'INSERT', 'eventVersion': '1.1', 'eventSource': 'aws:dynamodb', 'awsRegion': 'eu-central-1', 'dynamodb': {'ApproximateCreationDateTime': 1714415955.0, 'Keys': {'partition_key': {'S': '18:39:14.118'}, 'sort_key': {'S': 'abc'}}, 'NewImage': {'partition_key': {'S': '18:39:14.118'}, 'Probability': {'S': '1.0'}, 'Actual': {'S': 'setosa'}, 'Class': {'S': 'setosa'}, 'Features': {'S': ""{'species': 'setosa', 'elevation': 227.3, 'soil_type': 1, 'sepal_length': 5.2, 'sepal_width': 3.22, 'petal_length': 1.44, 'petal_width': 0.21, 'sepal_area': 16.744000000000003, 'petal_area': 0.3024, 'sepal_aspect_ratio': 1.6149068322981366, 'petal_aspect_ratio': 6.857142857142857, 'sepal_to_petal_length_ratio': 3.611111111111111, 'sepal_to_petal_width_ratio': 15.333333333333336, 'sepal_petal_length_diff': 3.76, 'sepal_petal_width_diff': 3.01, 'petal_curvature_mm': 4.36, 'petal_texture_trichomes_per_mm2': 19.24, 'leaf_area_cm2': 53.0, 'sepal_area_sqrt': 4.091943303615045, 'petal_area_sqrt': 0.5499090833947008, 'area_ratios': 55.37037037037038}""}, 'sort_key': {'S': 'abc'}}, 'SequenceNumber': '9400000000027454260008', 'SizeBytes': 767, 'StreamViewType': 'NEW_IMAGE'}, 'eventSourceARN': 'arn:aws:dynamodb:eu-central-1:992382589116:table/IrisExtended/stream/2024-04-29T18:23:44.327'}
"
1714415955097,"{'partition_key': {'S': '18:39:14.118'}, 'Probability': {'S': '1.0'}, 'Actual': {'S': 'setosa'}, 'Class': {'S': 'setosa'}, 'Features': {'S': ""{'species': 'setosa', 'elevation': 227.3, 'soil_type': 1, 'sepal_length': 5.2, 'sepal_width': 3.22, 'petal_length': 1.44, 'petal_width': 0.21, 'sepal_area': 16.744000000000003, 'petal_area': 0.3024, 'sepal_aspect_ratio': 1.6149068322981366, 'petal_aspect_ratio': 6.857142857142857, 'sepal_to_petal_length_ratio': 3.611111111111111, 'sepal_to_petal_width_ratio': 15.333333333333336, 'sepal_petal_length_diff': 3.76, 'sepal_petal_width_diff': 3.01, 'petal_curvature_mm': 4.36, 'petal_texture_trichomes_per_mm2': 19.24, 'leaf_area_cm2': 53.0, 'sepal_area_sqrt': 4.091943303615045, 'petal_area_sqrt': 0.5499090833947008, 'area_ratios': 55.37037037037038}""}, 'sort_key': {'S': 'abc'}}
"
1714415955098,"END RequestId: 15b3e45f-102c-4b4b-a73f-efa9277e1a95
"
1714415955098,"REPORT RequestId: 15b3e45f-102c-4b4b-a73f-efa9277e1a95	Duration: 1.38 ms	Billed Duration: 2 ms	Memory Size: 128 MB	Max Memory Used: 78 MB	
"
1714415955346,"START RequestId: 74914104-4add-42f7-b6b2-50d3997f58e7 Version: $LATEST
"
1714415955346,"{'Records': [{'eventID': '692a3880fbf2d2f509637399415a7824', 'eventName': 'INSERT', 'eventVersion': '1.1', 'eventSource': 'aws:dynamodb', 'awsRegion': 'eu-central-1', 'dynamodb': {'ApproximateCreationDateTime': 1714415955.0, 'Keys': {'partition_key': {'S': '18:39:14.313'}, 'sort_key': {'S': 'abc'}}, 'NewImage': {'partition_key': {'S': '18:39:14.313'}, 'Probability': {'S': '0.2358917891732497'}, 'Actual': {'S': 'setosa'}, 'Class': {'S': 'virginica'}, 'Features': {'S': ""{'species': 'setosa', 'elevation': 55.3, 'soil_type': 0, 'sepal_length': 4.68, 'sepal_width': 2.95, 'petal_length': 1.59, 'petal_width': 0.15, 'sepal_area': 13.806, 'petal_area': 0.2385, 'sepal_aspect_ratio': 1.5864406779661016, 'petal_aspect_ratio': 10.6, 'sepal_to_petal_length_ratio': 2.943396226415094, 'sepal_to_petal_width_ratio': 19.666666666666668, 'sepal_petal_length_diff': 3.09, 'sepal_petal_width_diff': 2.8000000000000003, 'petal_curvature_mm': 5.48, 'petal_texture_trichomes_per_mm2': 21.75, 'leaf_area_cm2': 45.7, 'sepal_area_sqrt': 3.7156426092938486, 'petal_area_sqrt': 0.4883646178829912, 'area_ratios': 57.886792452830186}""}, 'sort_key': {'S': 'abc'}}, 'SequenceNumber': '9500000000027454260218', 'SizeBytes': 776, 'StreamViewType': 'NEW_IMAGE'}, 'eventSourceARN': 'arn:aws:dynamodb:eu-central-1:992382589116:table/IrisExtended/stream/2024-04-29T18:23:44.327'}]}
"
1714415955346,"{'eventID': '692a3880fbf2d2f509637399415a7824', 'eventName': 'INSERT', 'eventVersion': '1.1', 'eventSource': 'aws:dynamodb', 'awsRegion': 'eu-central-1', 'dynamodb': {'ApproximateCreationDateTime': 1714415955.0, 'Keys': {'partition_key': {'S': '18:39:14.313'}, 'sort_key': {'S': 'abc'}}, 'NewImage': {'partition_key': {'S': '18:39:14.313'}, 'Probability': {'S': '0.2358917891732497'}, 'Actual': {'S': 'setosa'}, 'Class': {'S': 'virginica'}, 'Features': {'S': ""{'species': 'setosa', 'elevation': 55.3, 'soil_type': 0, 'sepal_length': 4.68, 'sepal_width': 2.95, 'petal_length': 1.59, 'petal_width': 0.15, 'sepal_area': 13.806, 'petal_area': 0.2385, 'sepal_aspect_ratio': 1.5864406779661016, 'petal_aspect_ratio': 10.6, 'sepal_to_petal_length_ratio': 2.943396226415094, 'sepal_to_petal_width_ratio': 19.666666666666668, 'sepal_petal_length_diff': 3.09, 'sepal_petal_width_diff': 2.8000000000000003, 'petal_curvature_mm': 5.48, 'petal_texture_trichomes_per_mm2': 21.75, 'leaf_area_cm2': 45.7, 'sepal_area_sqrt': 3.7156426092938486, 'petal_area_sqrt': 0.4883646178829912, 'area_ratios': 57.886792452830186}""}, 'sort_key': {'S': 'abc'}}, 'SequenceNumber': '9500000000027454260218', 'SizeBytes': 776, 'StreamViewType': 'NEW_IMAGE'}, 'eventSourceARN': 'arn:aws:dynamodb:eu-central-1:992382589116:table/IrisExtended/stream/2024-04-29T18:23:44.327'}
"
1714415955346,"{'partition_key': {'S': '18:39:14.313'}, 'Probability': {'S': '0.2358917891732497'}, 'Actual': {'S': 'setosa'}, 'Class': {'S': 'virginica'}, 'Features': {'S': ""{'species': 'setosa', 'elevation': 55.3, 'soil_type': 0, 'sepal_length': 4.68, 'sepal_width': 2.95, 'petal_length': 1.59, 'petal_width': 0.15, 'sepal_area': 13.806, 'petal_area': 0.2385, 'sepal_aspect_ratio': 1.5864406779661016, 'petal_aspect_ratio': 10.6, 'sepal_to_petal_length_ratio': 2.943396226415094, 'sepal_to_petal_width_ratio': 19.666666666666668, 'sepal_petal_length_diff': 3.09, 'sepal_petal_width_diff': 2.8000000000000003, 'petal_curvature_mm': 5.48, 'petal_texture_trichomes_per_mm2': 21.75, 'leaf_area_cm2': 45.7, 'sepal_area_sqrt': 3.7156426092938486, 'petal_area_sqrt': 0.4883646178829912, 'area_ratios': 57.886792452830186}""}, 'sort_key': {'S': 'abc'}}
"
1714415955356,"{'ResponseMetadata': {'RequestId': 'GS99RRVB28G2267E9TVKMPDLNJVV4KQNSO5AEMVJF66Q9ASUAAJG', 'HTTPStatusCode': 200, 'HTTPHeaders': {'server': 'Server', 'date': 'Mon, 29 Apr 2024 18:39:15 GMT', 'content-type': 'application/x-amz-json-1.0', 'content-length': '2', 'connection': 'keep-alive', 'x-amzn-requestid': 'GS99RRVB28G2267E9TVKMPDLNJVV4KQNSO5AEMVJF66Q9ASUAAJG', 'x-amz-crc32': '2745614147'}, 'RetryAttempts': 0}}
"
1714415955357,"END RequestId: 74914104-4add-42f7-b6b2-50d3997f58e7
"
1714415955357,"REPORT RequestId: 74914104-4add-42f7-b6b2-50d3997f58e7	Duration: 11.62 ms	Billed Duration: 12 ms	Memory Size: 128 MB	Max Memory Used: 78 MB	
"
1714415955595,"START RequestId: ec97e7ed-57ab-4107-b04b-cef8e2f93d7d Version: $LATEST
"
1714415955596,"{'Records': [{'eventID': '9bcad84ab6adb1a64657b5ead045b3f3', 'eventName': 'INSERT', 'eventVersion': '1.1', 'eventSource': 'aws:dynamodb', 'awsRegion': 'eu-central-1', 'dynamodb': {'ApproximateCreationDateTime': 1714415955.0, 'Keys': {'partition_key': {'S': '18:39:14.522'}, 'sort_key': {'S': 'abc'}}, 'NewImage': {'partition_key': {'S': '18:39:14.522'}, 'Probability': {'S': '1.0'}, 'Actual': {'S': 'setosa'}, 'Class': {'S': 'setosa'}, 'Features': {'S': ""{'species': 'setosa', 'elevation': 154.7, 'soil_type': 1, 'sepal_length': 4.85, 'sepal_width': 3.68, 'petal_length': 1.53, 'petal_width': 0.36, 'sepal_area': 17.848, 'petal_area': 0.5508, 'sepal_aspect_ratio': 1.3179347826086956, 'petal_aspect_ratio': 4.25, 'sepal_to_petal_length_ratio': 3.169934640522876, 'sepal_to_petal_width_ratio': 10.222222222222223, 'sepal_petal_length_diff': 3.3199999999999994, 'sepal_petal_width_diff': 3.3200000000000003, 'petal_curvature_mm': 4.95, 'petal_texture_trichomes_per_mm2': 22.22, 'leaf_area_cm2': 46.98, 'sepal_area_sqrt': 4.2246893376909975, 'petal_area_sqrt': 0.7421590126111789, 'area_ratios': 32.40377632534496}""}, 'sort_key': {'S': 'abc'}}, 'SequenceNumber': '9600000000027454260365', 'SizeBytes': 773, 'StreamViewType': 'NEW_IMAGE'}, 'eventSourceARN': 'arn:aws:dynamodb:eu-central-1:992382589116:table/IrisExtended/stream/2024-04-29T18:23:44.327'}]}
"
1714415955596,"{'eventID': '9bcad84ab6adb1a64657b5ead045b3f3', 'eventName': 'INSERT', 'eventVersion': '1.1', 'eventSource': 'aws:dynamodb', 'awsRegion': 'eu-central-1', 'dynamodb': {'ApproximateCreationDateTime': 1714415955.0, 'Keys': {'partition_key': {'S': '18:39:14.522'}, 'sort_key': {'S': 'abc'}}, 'NewImage': {'partition_key': {'S': '18:39:14.522'}, 'Probability': {'S': '1.0'}, 'Actual': {'S': 'setosa'}, 'Class': {'S': 'setosa'}, 'Features': {'S': ""{'species': 'setosa', 'elevation': 154.7, 'soil_type': 1, 'sepal_length': 4.85, 'sepal_width': 3.68, 'petal_length': 1.53, 'petal_width': 0.36, 'sepal_area': 17.848, 'petal_area': 0.5508, 'sepal_aspect_ratio': 1.3179347826086956, 'petal_aspect_ratio': 4.25, 'sepal_to_petal_length_ratio': 3.169934640522876, 'sepal_to_petal_width_ratio': 10.222222222222223, 'sepal_petal_length_diff': 3.3199999999999994, 'sepal_petal_width_diff': 3.3200000000000003, 'petal_curvature_mm': 4.95, 'petal_texture_trichomes_per_mm2': 22.22, 'leaf_area_cm2': 46.98, 'sepal_area_sqrt': 4.2246893376909975, 'petal_area_sqrt': 0.7421590126111789, 'area_ratios': 32.40377632534496}""}, 'sort_key': {'S': 'abc'}}, 'SequenceNumber': '9600000000027454260365', 'SizeBytes': 773, 'StreamViewType': 'NEW_IMAGE'}, 'eventSourceARN': 'arn:aws:dynamodb:eu-central-1:992382589116:table/IrisExtended/stream/2024-04-29T18:23:44.327'}
"
1714415955596,"{'partition_key': {'S': '18:39:14.522'}, 'Probability': {'S': '1.0'}, 'Actual': {'S': 'setosa'}, 'Class': {'S': 'setosa'}, 'Features': {'S': ""{'species': 'setosa', 'elevation': 154.7, 'soil_type': 1, 'sepal_length': 4.85, 'sepal_width': 3.68, 'petal_length': 1.53, 'petal_width': 0.36, 'sepal_area': 17.848, 'petal_area': 0.5508, 'sepal_aspect_ratio': 1.3179347826086956, 'petal_aspect_ratio': 4.25, 'sepal_to_petal_length_ratio': 3.169934640522876, 'sepal_to_petal_width_ratio': 10.222222222222223, 'sepal_petal_length_diff': 3.3199999999999994, 'sepal_petal_width_diff': 3.3200000000000003, 'petal_curvature_mm': 4.95, 'petal_texture_trichomes_per_mm2': 22.22, 'leaf_area_cm2': 46.98, 'sepal_area_sqrt': 4.2246893376909975, 'petal_area_sqrt': 0.7421590126111789, 'area_ratios': 32.40377632534496}""}, 'sort_key': {'S': 'abc'}}
"
1714415955597,"END RequestId: ec97e7ed-57ab-4107-b04b-cef8e2f93d7d
"
1714415955597,"REPORT RequestId: ec97e7ed-57ab-4107-b04b-cef8e2f93d7d	Duration: 1.26 ms	Billed Duration: 2 ms	Memory Size: 128 MB	Max Memory Used: 78 MB	
"
1714415955845,"START RequestId: a03243e7-cdf3-4bde-8df6-cc8334cf21cb Version: $LATEST
"
1714415955846,"{'Records': [{'eventID': 'bd37a51e0509cdf0140f609cd9bcb2f9', 'eventName': 'INSERT', 'eventVersion': '1.1', 'eventSource': 'aws:dynamodb', 'awsRegion': 'eu-central-1', 'dynamodb': {'ApproximateCreationDateTime': 1714415955.0, 'Keys': {'partition_key': {'S': '18:39:14.840'}, 'sort_key': {'S': 'abc'}}, 'NewImage': {'partition_key': {'S': '18:39:14.840'}, 'Probability': {'S': '1.0'}, 'Actual': {'S': 'setosa'}, 'Class': {'S': 'setosa'}, 'Features': {'S': ""{'species': 'setosa', 'elevation': 244.0, 'soil_type': 1, 'sepal_length': 4.68, 'sepal_width': 4.09, 'petal_length': 1.12, 'petal_width': 0.24, 'sepal_area': 19.1412, 'petal_area': 0.2688, 'sepal_aspect_ratio': 1.1442542787286063, 'petal_aspect_ratio': 4.666666666666667, 'sepal_to_petal_length_ratio': 4.178571428571428, 'sepal_to_petal_width_ratio': 17.041666666666668, 'sepal_petal_length_diff': 3.56, 'sepal_petal_width_diff': 3.85, 'petal_curvature_mm': 4.94, 'petal_texture_trichomes_per_mm2': 22.01, 'leaf_area_cm2': 39.56, 'sepal_area_sqrt': 4.3750657137921936, 'petal_area_sqrt': 0.5184592558726289, 'area_ratios': 71.20982142857142}""}, 'sort_key': {'S': 'abc'}}, 'SequenceNumber': '9700000000027454260585', 'SizeBytes': 759, 'StreamViewType': 'NEW_IMAGE'}, 'eventSourceARN': 'arn:aws:dynamodb:eu-central-1:992382589116:table/IrisExtended/stream/2024-04-29T18:23:44.327'}]}
"
1714415955846,"{'eventID': 'bd37a51e0509cdf0140f609cd9bcb2f9', 'eventName': 'INSERT', 'eventVersion': '1.1', 'eventSource': 'aws:dynamodb', 'awsRegion': 'eu-central-1', 'dynamodb': {'ApproximateCreationDateTime': 1714415955.0, 'Keys': {'partition_key': {'S': '18:39:14.840'}, 'sort_key': {'S': 'abc'}}, 'NewImage': {'partition_key': {'S': '18:39:14.840'}, 'Probability': {'S': '1.0'}, 'Actual': {'S': 'setosa'}, 'Class': {'S': 'setosa'}, 'Features': {'S': ""{'species': 'setosa', 'elevation': 244.0, 'soil_type': 1, 'sepal_length': 4.68, 'sepal_width': 4.09, 'petal_length': 1.12, 'petal_width': 0.24, 'sepal_area': 19.1412, 'petal_area': 0.2688, 'sepal_aspect_ratio': 1.1442542787286063, 'petal_aspect_ratio': 4.666666666666667, 'sepal_to_petal_length_ratio': 4.178571428571428, 'sepal_to_petal_width_ratio': 17.041666666666668, 'sepal_petal_length_diff': 3.56, 'sepal_petal_width_diff': 3.85, 'petal_curvature_mm': 4.94, 'petal_texture_trichomes_per_mm2': 22.01, 'leaf_area_cm2': 39.56, 'sepal_area_sqrt': 4.3750657137921936, 'petal_area_sqrt': 0.5184592558726289, 'area_ratios': 71.20982142857142}""}, 'sort_key': {'S': 'abc'}}, 'SequenceNumber': '9700000000027454260585', 'SizeBytes': 759, 'StreamViewType': 'NEW_IMAGE'}, 'eventSourceARN': 'arn:aws:dynamodb:eu-central-1:992382589116:table/IrisExtended/stream/2024-04-29T18:23:44.327'}
"
1714415955846,"{'partition_key': {'S': '18:39:14.840'}, 'Probability': {'S': '1.0'}, 'Actual': {'S': 'setosa'}, 'Class': {'S': 'setosa'}, 'Features': {'S': ""{'species': 'setosa', 'elevation': 244.0, 'soil_type': 1, 'sepal_length': 4.68, 'sepal_width': 4.09, 'petal_length': 1.12, 'petal_width': 0.24, 'sepal_area': 19.1412, 'petal_area': 0.2688, 'sepal_aspect_ratio': 1.1442542787286063, 'petal_aspect_ratio': 4.666666666666667, 'sepal_to_petal_length_ratio': 4.178571428571428, 'sepal_to_petal_width_ratio': 17.041666666666668, 'sepal_petal_length_diff': 3.56, 'sepal_petal_width_diff': 3.85, 'petal_curvature_mm': 4.94, 'petal_texture_trichomes_per_mm2': 22.01, 'leaf_area_cm2': 39.56, 'sepal_area_sqrt': 4.3750657137921936, 'petal_area_sqrt': 0.5184592558726289, 'area_ratios': 71.20982142857142}""}, 'sort_key': {'S': 'abc'}}
"
1714415955846,"END RequestId: a03243e7-cdf3-4bde-8df6-cc8334cf21cb
"
1714415955846,"REPORT RequestId: a03243e7-cdf3-4bde-8df6-cc8334cf21cb	Duration: 1.04 ms	Billed Duration: 2 ms	Memory Size: 128 MB	Max Memory Used: 78 MB	
"
1714415956096,"START RequestId: bc865866-3e18-4553-b759-c4c2b74de326 Version: $LATEST
"
1714415956096,"{'Records': [{'eventID': '0286eca1c9ce70176a1f4679d46f0e13', 'eventName': 'INSERT', 'eventVersion': '1.1', 'eventSource': 'aws:dynamodb', 'awsRegion': 'eu-central-1', 'dynamodb': {'ApproximateCreationDateTime': 1714415955.0, 'Keys': {'partition_key': {'S': '18:39:15.032'}, 'sort_key': {'S': 'abc'}}, 'NewImage': {'partition_key': {'S': '18:39:15.032'}, 'Probability': {'S': '0.3491990110689104'}, 'Actual': {'S': 'setosa'}, 'Class': {'S': 'setosa'}, 'Features': {'S': ""{'species': 'setosa', 'elevation': 134.7, 'soil_type': 1, 'sepal_length': 5.35, 'sepal_width': 3.5, 'petal_length': 1.66, 'petal_width': 0.2, 'sepal_area': 18.725, 'petal_area': 0.332, 'sepal_aspect_ratio': 1.5285714285714285, 'petal_aspect_ratio': 8.299999999999999, 'sepal_to_petal_length_ratio': 3.2228915662650603, 'sepal_to_petal_width_ratio': 17.5, 'sepal_petal_length_diff': 3.69, 'sepal_petal_width_diff': 3.3, 'petal_curvature_mm': 5.45, 'petal_texture_trichomes_per_mm2': 20.88, 'leaf_area_cm2': 48.53, 'sepal_area_sqrt': 4.3272393046837605, 'petal_area_sqrt': 0.5761944116355173, 'area_ratios': 56.40060240963855}""}, 'sort_key': {'S': 'abc'}}, 'SequenceNumber': '9800000000027454260763', 'SizeBytes': 756, 'StreamViewType': 'NEW_IMAGE'}, 'eventSourceARN': 'arn:aws:dynamodb:eu-central-1:992382589116:table/IrisExtended/stream/2024-04-29T18:23:44.327'}]}
"
1714415956096,"{'eventID': '0286eca1c9ce70176a1f4679d46f0e13', 'eventName': 'INSERT', 'eventVersion': '1.1', 'eventSource': 'aws:dynamodb', 'awsRegion': 'eu-central-1', 'dynamodb': {'ApproximateCreationDateTime': 1714415955.0, 'Keys': {'partition_key': {'S': '18:39:15.032'}, 'sort_key': {'S': 'abc'}}, 'NewImage': {'partition_key': {'S': '18:39:15.032'}, 'Probability': {'S': '0.3491990110689104'}, 'Actual': {'S': 'setosa'}, 'Class': {'S': 'setosa'}, 'Features': {'S': ""{'species': 'setosa', 'elevation': 134.7, 'soil_type': 1, 'sepal_length': 5.35, 'sepal_width': 3.5, 'petal_length': 1.66, 'petal_width': 0.2, 'sepal_area': 18.725, 'petal_area': 0.332, 'sepal_aspect_ratio': 1.5285714285714285, 'petal_aspect_ratio': 8.299999999999999, 'sepal_to_petal_length_ratio': 3.2228915662650603, 'sepal_to_petal_width_ratio': 17.5, 'sepal_petal_length_diff': 3.69, 'sepal_petal_width_diff': 3.3, 'petal_curvature_mm': 5.45, 'petal_texture_trichomes_per_mm2': 20.88, 'leaf_area_cm2': 48.53, 'sepal_area_sqrt': 4.3272393046837605, 'petal_area_sqrt': 0.5761944116355173, 'area_ratios': 56.40060240963855}""}, 'sort_key': {'S': 'abc'}}, 'SequenceNumber': '9800000000027454260763', 'SizeBytes': 756, 'StreamViewType': 'NEW_IMAGE'}, 'eventSourceARN': 'arn:aws:dynamodb:eu-central-1:992382589116:table/IrisExtended/stream/2024-04-29T18:23:44.327'}
"
1714415956096,"{'partition_key': {'S': '18:39:15.032'}, 'Probability': {'S': '0.3491990110689104'}, 'Actual': {'S': 'setosa'}, 'Class': {'S': 'setosa'}, 'Features': {'S': ""{'species': 'setosa', 'elevation': 134.7, 'soil_type': 1, 'sepal_length': 5.35, 'sepal_width': 3.5, 'petal_length': 1.66, 'petal_width': 0.2, 'sepal_area': 18.725, 'petal_area': 0.332, 'sepal_aspect_ratio': 1.5285714285714285, 'petal_aspect_ratio': 8.299999999999999, 'sepal_to_petal_length_ratio': 3.2228915662650603, 'sepal_to_petal_width_ratio': 17.5, 'sepal_petal_length_diff': 3.69, 'sepal_petal_width_diff': 3.3, 'petal_curvature_mm': 5.45, 'petal_texture_trichomes_per_mm2': 20.88, 'leaf_area_cm2': 48.53, 'sepal_area_sqrt': 4.3272393046837605, 'petal_area_sqrt': 0.5761944116355173, 'area_ratios': 56.40060240963855}""}, 'sort_key': {'S': 'abc'}}
"
1714415956103,"{'ResponseMetadata': {'RequestId': '9JCRI3QEQ1DM5NS2F1TMMOACCJVV4KQNSO5AEMVJF66Q9ASUAAJG', 'HTTPStatusCode': 200, 'HTTPHeaders': {'server': 'Server', 'date': 'Mon, 29 Apr 2024 18:39:15 GMT', 'content-type': 'application/x-amz-json-1.0', 'content-length': '2', 'connection': 'keep-alive', 'x-amzn-requestid': '9JCRI3QEQ1DM5NS2F1TMMOACCJVV4KQNSO5AEMVJF66Q9ASUAAJG', 'x-amz-crc32': '2745614147'}, 'RetryAttempts': 0}}
"
1714415956116,"END RequestId: bc865866-3e18-4553-b759-c4c2b74de326
"
1714415956116,"REPORT RequestId: bc865866-3e18-4553-b759-c4c2b74de326	Duration: 20.62 ms	Billed Duration: 21 ms	Memory Size: 128 MB	Max Memory Used: 78 MB	
"
1714415956847,"START RequestId: dc426337-3548-4917-bfa5-9f92085e2cc9 Version: $LATEST
"
1714415956848,"{'Records': [{'eventID': 'cb2e274fff693f1c6b75bbf049a4ee7a', 'eventName': 'INSERT', 'eventVersion': '1.1', 'eventSource': 'aws:dynamodb', 'awsRegion': 'eu-central-1', 'dynamodb': {'ApproximateCreationDateTime': 1714415956.0, 'Keys': {'partition_key': {'S': '18:39:15.687'}, 'sort_key': {'S': 'abc'}}, 'NewImage': {'partition_key': {'S': '18:39:15.687'}, 'Probability': {'S': '1.0'}, 'Actual': {'S': 'setosa'}, 'Class': {'S': 'setosa'}, 'Features': {'S': ""{'species': 'setosa', 'elevation': 190.9, 'soil_type': 2, 'sepal_length': 5.23, 'sepal_width': 3.78, 'petal_length': 1.38, 'petal_width': 0.33, 'sepal_area': 19.7694, 'petal_area': 0.4553999999999999, 'sepal_aspect_ratio': 1.3835978835978835, 'petal_aspect_ratio': 4.181818181818182, 'sepal_to_petal_length_ratio': 3.789855072463769, 'sepal_to_petal_width_ratio': 11.454545454545451, 'sepal_petal_length_diff': 3.850000000000001, 'sepal_petal_width_diff': 3.45, 'petal_curvature_mm': 5.17, 'petal_texture_trichomes_per_mm2': 19.41, 'leaf_area_cm2': 44.56, 'sepal_area_sqrt': 4.446279343451106, 'petal_area_sqrt': 0.6748333127521196, 'area_ratios': 43.4110671936759}""}, 'sort_key': {'S': 'abc'}}, 'SequenceNumber': '9900000000027454261618', 'SizeBytes': 782, 'StreamViewType': 'NEW_IMAGE'}, 'eventSourceARN': 'arn:aws:dynamodb:eu-central-1:992382589116:table/IrisExtended/stream/2024-04-29T18:23:44.327'}]}
"
1714415956848,"{'eventID': 'cb2e274fff693f1c6b75bbf049a4ee7a', 'eventName': 'INSERT', 'eventVersion': '1.1', 'eventSource': 'aws:dynamodb', 'awsRegion': 'eu-central-1', 'dynamodb': {'ApproximateCreationDateTime': 1714415956.0, 'Keys': {'partition_key': {'S': '18:39:15.687'}, 'sort_key': {'S': 'abc'}}, 'NewImage': {'partition_key': {'S': '18:39:15.687'}, 'Probability': {'S': '1.0'}, 'Actual': {'S': 'setosa'}, 'Class': {'S': 'setosa'}, 'Features': {'S': ""{'species': 'setosa', 'elevation': 190.9, 'soil_type': 2, 'sepal_length': 5.23, 'sepal_width': 3.78, 'petal_length': 1.38, 'petal_width': 0.33, 'sepal_area': 19.7694, 'petal_area': 0.4553999999999999, 'sepal_aspect_ratio': 1.3835978835978835, 'petal_aspect_ratio': 4.181818181818182, 'sepal_to_petal_length_ratio': 3.789855072463769, 'sepal_to_petal_width_ratio': 11.454545454545451, 'sepal_petal_length_diff': 3.850000000000001, 'sepal_petal_width_diff': 3.45, 'petal_curvature_mm': 5.17, 'petal_texture_trichomes_per_mm2': 19.41, 'leaf_area_cm2': 44.56, 'sepal_area_sqrt': 4.446279343451106, 'petal_area_sqrt': 0.6748333127521196, 'area_ratios': 43.4110671936759}""}, 'sort_key': {'S': 'abc'}}, 'SequenceNumber': '9900000000027454261618', 'SizeBytes': 782, 'StreamViewType': 'NEW_IMAGE'}, 'eventSourceARN': 'arn:aws:dynamodb:eu-central-1:992382589116:table/IrisExtended/stream/2024-04-29T18:23:44.327'}
"
1714415956848,"{'partition_key': {'S': '18:39:15.687'}, 'Probability': {'S': '1.0'}, 'Actual': {'S': 'setosa'}, 'Class': {'S': 'setosa'}, 'Features': {'S': ""{'species': 'setosa', 'elevation': 190.9, 'soil_type': 2, 'sepal_length': 5.23, 'sepal_width': 3.78, 'petal_length': 1.38, 'petal_width': 0.33, 'sepal_area': 19.7694, 'petal_area': 0.4553999999999999, 'sepal_aspect_ratio': 1.3835978835978835, 'petal_aspect_ratio': 4.181818181818182, 'sepal_to_petal_length_ratio': 3.789855072463769, 'sepal_to_petal_width_ratio': 11.454545454545451, 'sepal_petal_length_diff': 3.850000000000001, 'sepal_petal_width_diff': 3.45, 'petal_curvature_mm': 5.17, 'petal_texture_trichomes_per_mm2': 19.41, 'leaf_area_cm2': 44.56, 'sepal_area_sqrt': 4.446279343451106, 'petal_area_sqrt': 0.6748333127521196, 'area_ratios': 43.4110671936759}""}, 'sort_key': {'S': 'abc'}}
"
1714415956849,"END RequestId: dc426337-3548-4917-bfa5-9f92085e2cc9
"
1714415956849,"REPORT RequestId: dc426337-3548-4917-bfa5-9f92085e2cc9	Duration: 1.23 ms	Billed Duration: 2 ms	Memory Size: 128 MB	Max Memory Used: 78 MB	
"
1714415956858,"START RequestId: a66d0822-4050-4593-acf9-134bab5af677 Version: $LATEST
"
1714415956859,"{'Records': [{'eventID': '38fcc680956b3e620f1a3088e9bb10ae', 'eventName': 'INSERT', 'eventVersion': '1.1', 'eventSource': 'aws:dynamodb', 'awsRegion': 'eu-central-1', 'dynamodb': {'ApproximateCreationDateTime': 1714415956.0, 'Keys': {'partition_key': {'S': '18:39:15.876'}, 'sort_key': {'S': 'abc'}}, 'NewImage': {'partition_key': {'S': '18:39:15.876'}, 'Probability': {'S': '1.0'}, 'Actual': {'S': 'setosa'}, 'Class': {'S': 'setosa'}, 'Features': {'S': ""{'species': 'setosa', 'elevation': 101.2, 'soil_type': 1, 'sepal_length': 5.4, 'sepal_width': 4.1, 'petal_length': 1.34, 'petal_width': 0.29, 'sepal_area': 22.14, 'petal_area': 0.3886, 'sepal_aspect_ratio': 1.3170731707317076, 'petal_aspect_ratio': 4.620689655172415, 'sepal_to_petal_length_ratio': 4.029850746268656, 'sepal_to_petal_width_ratio': 14.137931034482758, 'sepal_petal_length_diff': 4.0600000000000005, 'sepal_petal_width_diff': 3.81, 'petal_curvature_mm': 4.41, 'petal_texture_trichomes_per_mm2': 21.61, 'leaf_area_cm2': 50.4, 'sepal_area_sqrt': 4.705316142407437, 'petal_area_sqrt': 0.623377895020348, 'area_ratios': 56.97375193000515}""}, 'sort_key': {'S': 'abc'}}, 'SequenceNumber': '10000000000027454261796', 'SizeBytes': 766, 'StreamViewType': 'NEW_IMAGE'}, 'eventSourceARN': 'arn:aws:dynamodb:eu-central-1:992382589116:table/IrisExtended/stream/2024-04-29T18:23:44.327'}]}
"
1714415956859,"{'eventID': '38fcc680956b3e620f1a3088e9bb10ae', 'eventName': 'INSERT', 'eventVersion': '1.1', 'eventSource': 'aws:dynamodb', 'awsRegion': 'eu-central-1', 'dynamodb': {'ApproximateCreationDateTime': 1714415956.0, 'Keys': {'partition_key': {'S': '18:39:15.876'}, 'sort_key': {'S': 'abc'}}, 'NewImage': {'partition_key': {'S': '18:39:15.876'}, 'Probability': {'S': '1.0'}, 'Actual': {'S': 'setosa'}, 'Class': {'S': 'setosa'}, 'Features': {'S': ""{'species': 'setosa', 'elevation': 101.2, 'soil_type': 1, 'sepal_length': 5.4, 'sepal_width': 4.1, 'petal_length': 1.34, 'petal_width': 0.29, 'sepal_area': 22.14, 'petal_area': 0.3886, 'sepal_aspect_ratio': 1.3170731707317076, 'petal_aspect_ratio': 4.620689655172415, 'sepal_to_petal_length_ratio': 4.029850746268656, 'sepal_to_petal_width_ratio': 14.137931034482758, 'sepal_petal_length_diff': 4.0600000000000005, 'sepal_petal_width_diff': 3.81, 'petal_curvature_mm': 4.41, 'petal_texture_trichomes_per_mm2': 21.61, 'leaf_area_cm2': 50.4, 'sepal_area_sqrt': 4.705316142407437, 'petal_area_sqrt': 0.623377895020348, 'area_ratios': 56.97375193000515}""}, 'sort_key': {'S': 'abc'}}, 'SequenceNumber': '10000000000027454261796', 'SizeBytes': 766, 'StreamViewType': 'NEW_IMAGE'}, 'eventSourceARN': 'arn:aws:dynamodb:eu-central-1:992382589116:table/IrisExtended/stream/2024-04-29T18:23:44.327'}
"
1714415956859,"{'partition_key': {'S': '18:39:15.876'}, 'Probability': {'S': '1.0'}, 'Actual': {'S': 'setosa'}, 'Class': {'S': 'setosa'}, 'Features': {'S': ""{'species': 'setosa', 'elevation': 101.2, 'soil_type': 1, 'sepal_length': 5.4, 'sepal_width': 4.1, 'petal_length': 1.34, 'petal_width': 0.29, 'sepal_area': 22.14, 'petal_area': 0.3886, 'sepal_aspect_ratio': 1.3170731707317076, 'petal_aspect_ratio': 4.620689655172415, 'sepal_to_petal_length_ratio': 4.029850746268656, 'sepal_to_petal_width_ratio': 14.137931034482758, 'sepal_petal_length_diff': 4.0600000000000005, 'sepal_petal_width_diff': 3.81, 'petal_curvature_mm': 4.41, 'petal_texture_trichomes_per_mm2': 21.61, 'leaf_area_cm2': 50.4, 'sepal_area_sqrt': 4.705316142407437, 'petal_area_sqrt': 0.623377895020348, 'area_ratios': 56.97375193000515}""}, 'sort_key': {'S': 'abc'}}
"
1714415956876,"END RequestId: a66d0822-4050-4593-acf9-134bab5af677
"
1714415956876,"REPORT RequestId: a66d0822-4050-4593-acf9-134bab5af677	Duration: 17.81 ms	Billed Duration: 18 ms	Memory Size: 128 MB	Max Memory Used: 78 MB	
"
1714415957097,"START RequestId: b21f1415-c31c-4fe0-b484-ed91e756e4a3 Version: $LATEST
"
1714415957098,"{'Records': [{'eventID': '05f6a0e14a230dc6714ddc5b5444cbbc', 'eventName': 'INSERT', 'eventVersion': '1.1', 'eventSource': 'aws:dynamodb', 'awsRegion': 'eu-central-1', 'dynamodb': {'ApproximateCreationDateTime': 1714415957.0, 'Keys': {'partition_key': {'S': '18:39:16.068'}, 'sort_key': {'S': 'abc'}}, 'NewImage': {'partition_key': {'S': '18:39:16.068'}, 'Probability': {'S': '0.06478775525737046'}, 'Actual': {'S': 'setosa'}, 'Class': {'S': 'virginica'}, 'Features': {'S': ""{'species': 'setosa', 'elevation': 235.5, 'soil_type': 1, 'sepal_length': 4.48, 'sepal_width': 3.31, 'petal_length': 1.4, 'petal_width': 0.27, 'sepal_area': 14.8288, 'petal_area': 0.378, 'sepal_aspect_ratio': 1.353474320241692, 'petal_aspect_ratio': 5.185185185185184, 'sepal_to_petal_length_ratio': 3.2000000000000006, 'sepal_to_petal_width_ratio': 12.25925925925926, 'sepal_petal_length_diff': 3.0800000000000005, 'sepal_petal_width_diff': 3.04, 'petal_curvature_mm': 4.84, 'petal_texture_trichomes_per_mm2': 17.14, 'leaf_area_cm2': 45.24, 'sepal_area_sqrt': 3.850818094898797, 'petal_area_sqrt': 0.6148170459575759, 'area_ratios': 39.22962962962964}""}, 'sort_key': {'S': 'abc'}}, 'SequenceNumber': '10100000000027454262052', 'SizeBytes': 788, 'StreamViewType': 'NEW_IMAGE'}, 'eventSourceARN': 'arn:aws:dynamodb:eu-central-1:992382589116:table/IrisExtended/stream/2024-04-29T18:23:44.327'}]}
"
1714415957098,"{'eventID': '05f6a0e14a230dc6714ddc5b5444cbbc', 'eventName': 'INSERT', 'eventVersion': '1.1', 'eventSource': 'aws:dynamodb', 'awsRegion': 'eu-central-1', 'dynamodb': {'ApproximateCreationDateTime': 1714415957.0, 'Keys': {'partition_key': {'S': '18:39:16.068'}, 'sort_key': {'S': 'abc'}}, 'NewImage': {'partition_key': {'S': '18:39:16.068'}, 'Probability': {'S': '0.06478775525737046'}, 'Actual': {'S': 'setosa'}, 'Class': {'S': 'virginica'}, 'Features': {'S': ""{'species': 'setosa', 'elevation': 235.5, 'soil_type': 1, 'sepal_length': 4.48, 'sepal_width': 3.31, 'petal_length': 1.4, 'petal_width': 0.27, 'sepal_area': 14.8288, 'petal_area': 0.378, 'sepal_aspect_ratio': 1.353474320241692, 'petal_aspect_ratio': 5.185185185185184, 'sepal_to_petal_length_ratio': 3.2000000000000006, 'sepal_to_petal_width_ratio': 12.25925925925926, 'sepal_petal_length_diff': 3.0800000000000005, 'sepal_petal_width_diff': 3.04, 'petal_curvature_mm': 4.84, 'petal_texture_trichomes_per_mm2': 17.14, 'leaf_area_cm2': 45.24, 'sepal_area_sqrt': 3.850818094898797, 'petal_area_sqrt': 0.6148170459575759, 'area_ratios': 39.22962962962964}""}, 'sort_key': {'S': 'abc'}}, 'SequenceNumber': '10100000000027454262052', 'SizeBytes': 788, 'StreamViewType': 'NEW_IMAGE'}, 'eventSourceARN': 'arn:aws:dynamodb:eu-central-1:992382589116:table/IrisExtended/stream/2024-04-29T18:23:44.327'}
"
1714415957098,"{'partition_key': {'S': '18:39:16.068'}, 'Probability': {'S': '0.06478775525737046'}, 'Actual': {'S': 'setosa'}, 'Class': {'S': 'virginica'}, 'Features': {'S': ""{'species': 'setosa', 'elevation': 235.5, 'soil_type': 1, 'sepal_length': 4.48, 'sepal_width': 3.31, 'petal_length': 1.4, 'petal_width': 0.27, 'sepal_area': 14.8288, 'petal_area': 0.378, 'sepal_aspect_ratio': 1.353474320241692, 'petal_aspect_ratio': 5.185185185185184, 'sepal_to_petal_length_ratio': 3.2000000000000006, 'sepal_to_petal_width_ratio': 12.25925925925926, 'sepal_petal_length_diff': 3.0800000000000005, 'sepal_petal_width_diff': 3.04, 'petal_curvature_mm': 4.84, 'petal_texture_trichomes_per_mm2': 17.14, 'leaf_area_cm2': 45.24, 'sepal_area_sqrt': 3.850818094898797, 'petal_area_sqrt': 0.6148170459575759, 'area_ratios': 39.22962962962964}""}, 'sort_key': {'S': 'abc'}}
"
1714415957116,"{'ResponseMetadata': {'RequestId': '518V8EPD8B3PNC7NT4MOQ9LMLRVV4KQNSO5AEMVJF66Q9ASUAAJG', 'HTTPStatusCode': 200, 'HTTPHeaders': {'server': 'Server', 'date': 'Mon, 29 Apr 2024 18:39:16 GMT', 'content-type': 'application/x-amz-json-1.0', 'content-length': '2', 'connection': 'keep-alive', 'x-amzn-requestid': '518V8EPD8B3PNC7NT4MOQ9LMLRVV4KQNSO5AEMVJF66Q9ASUAAJG', 'x-amz-crc32': '2745614147'}, 'RetryAttempts': 0}}
"
1714415957117,"END RequestId: b21f1415-c31c-4fe0-b484-ed91e756e4a3
"
1714415957117,"REPORT RequestId: b21f1415-c31c-4fe0-b484-ed91e756e4a3	Duration: 20.12 ms	Billed Duration: 21 ms	Memory Size: 128 MB	Max Memory Used: 78 MB	
"
1714415957346,"START RequestId: aa058e4a-bf6c-4a1b-88cc-7d051b19a9b2 Version: $LATEST
"
1714415957347,"{'Records': [{'eventID': 'dfd7d7d03c860015ad7ad7c8632b0bc7', 'eventName': 'INSERT', 'eventVersion': '1.1', 'eventSource': 'aws:dynamodb', 'awsRegion': 'eu-central-1', 'dynamodb': {'ApproximateCreationDateTime': 1714415957.0, 'Keys': {'partition_key': {'S': '18:39:16.255'}, 'sort_key': {'S': 'abc'}}, 'NewImage': {'partition_key': {'S': '18:39:16.255'}, 'Probability': {'S': '0.99999964'}, 'Actual': {'S': 'setosa'}, 'Class': {'S': 'setosa'}, 'Features': {'S': ""{'species': 'setosa', 'elevation': 63.1, 'soil_type': 0, 'sepal_length': 5.22, 'sepal_width': 3.32, 'petal_length': 1.81, 'petal_width': 0.35, 'sepal_area': 17.330399999999997, 'petal_area': 0.6335, 'sepal_aspect_ratio': 1.572289156626506, 'petal_aspect_ratio': 5.171428571428572, 'sepal_to_petal_length_ratio': 2.883977900552486, 'sepal_to_petal_width_ratio': 9.485714285714286, 'sepal_petal_length_diff': 3.41, 'sepal_petal_width_diff': 2.97, 'petal_curvature_mm': 5.33, 'petal_texture_trichomes_per_mm2': 17.47, 'leaf_area_cm2': 50.52, 'sepal_area_sqrt': 4.162979702088397, 'petal_area_sqrt': 0.7959271323431562, 'area_ratios': 27.35659037095501}""}, 'sort_key': {'S': 'abc'}}, 'SequenceNumber': '10200000000027454262241', 'SizeBytes': 773, 'StreamViewType': 'NEW_IMAGE'}, 'eventSourceARN': 'arn:aws:dynamodb:eu-central-1:992382589116:table/IrisExtended/stream/2024-04-29T18:23:44.327'}]}
"
1714415957347,"{'eventID': 'dfd7d7d03c860015ad7ad7c8632b0bc7', 'eventName': 'INSERT', 'eventVersion': '1.1', 'eventSource': 'aws:dynamodb', 'awsRegion': 'eu-central-1', 'dynamodb': {'ApproximateCreationDateTime': 1714415957.0, 'Keys': {'partition_key': {'S': '18:39:16.255'}, 'sort_key': {'S': 'abc'}}, 'NewImage': {'partition_key': {'S': '18:39:16.255'}, 'Probability': {'S': '0.99999964'}, 'Actual': {'S': 'setosa'}, 'Class': {'S': 'setosa'}, 'Features': {'S': ""{'species': 'setosa', 'elevation': 63.1, 'soil_type': 0, 'sepal_length': 5.22, 'sepal_width': 3.32, 'petal_length': 1.81, 'petal_width': 0.35, 'sepal_area': 17.330399999999997, 'petal_area': 0.6335, 'sepal_aspect_ratio': 1.572289156626506, 'petal_aspect_ratio': 5.171428571428572, 'sepal_to_petal_length_ratio': 2.883977900552486, 'sepal_to_petal_width_ratio': 9.485714285714286, 'sepal_petal_length_diff': 3.41, 'sepal_petal_width_diff': 2.97, 'petal_curvature_mm': 5.33, 'petal_texture_trichomes_per_mm2': 17.47, 'leaf_area_cm2': 50.52, 'sepal_area_sqrt': 4.162979702088397, 'petal_area_sqrt': 0.7959271323431562, 'area_ratios': 27.35659037095501}""}, 'sort_key': {'S': 'abc'}}, 'SequenceNumber': '10200000000027454262241', 'SizeBytes': 773, 'StreamViewType': 'NEW_IMAGE'}, 'eventSourceARN': 'arn:aws:dynamodb:eu-central-1:992382589116:table/IrisExtended/stream/2024-04-29T18:23:44.327'}
"
1714415957347,"{'partition_key': {'S': '18:39:16.255'}, 'Probability': {'S': '0.99999964'}, 'Actual': {'S': 'setosa'}, 'Class': {'S': 'setosa'}, 'Features': {'S': ""{'species': 'setosa', 'elevation': 63.1, 'soil_type': 0, 'sepal_length': 5.22, 'sepal_width': 3.32, 'petal_length': 1.81, 'petal_width': 0.35, 'sepal_area': 17.330399999999997, 'petal_area': 0.6335, 'sepal_aspect_ratio': 1.572289156626506, 'petal_aspect_ratio': 5.171428571428572, 'sepal_to_petal_length_ratio': 2.883977900552486, 'sepal_to_petal_width_ratio': 9.485714285714286, 'sepal_petal_length_diff': 3.41, 'sepal_petal_width_diff': 2.97, 'petal_curvature_mm': 5.33, 'petal_texture_trichomes_per_mm2': 17.47, 'leaf_area_cm2': 50.52, 'sepal_area_sqrt': 4.162979702088397, 'petal_area_sqrt': 0.7959271323431562, 'area_ratios': 27.35659037095501}""}, 'sort_key': {'S': 'abc'}}
"
1714415957347,"END RequestId: aa058e4a-bf6c-4a1b-88cc-7d051b19a9b2
"
1714415957347,"REPORT RequestId: aa058e4a-bf6c-4a1b-88cc-7d051b19a9b2	Duration: 1.31 ms	Billed Duration: 2 ms	Memory Size: 128 MB	Max Memory Used: 78 MB	
"
1714415957357,"START RequestId: f15700e2-9f63-4248-9674-af6174b39791 Version: $LATEST
"
1714415957357,"{'Records': [{'eventID': 'df545f462eb9eb4cc5eb7cd2b17315b2', 'eventName': 'INSERT', 'eventVersion': '1.1', 'eventSource': 'aws:dynamodb', 'awsRegion': 'eu-central-1', 'dynamodb': {'ApproximateCreationDateTime': 1714415957.0, 'Keys': {'partition_key': {'S': '18:39:16.462'}, 'sort_key': {'S': 'abc'}}, 'NewImage': {'partition_key': {'S': '18:39:16.462'}, 'Probability': {'S': '1.0'}, 'Actual': {'S': 'setosa'}, 'Class': {'S': 'setosa'}, 'Features': {'S': ""{'species': 'setosa', 'elevation': 263.1, 'soil_type': 1, 'sepal_length': 5.01, 'sepal_width': 4.27, 'petal_length': 1.55, 'petal_width': 0.28, 'sepal_area': 21.3927, 'petal_area': 0.434, 'sepal_aspect_ratio': 1.1733021077283372, 'petal_aspect_ratio': 5.535714285714286, 'sepal_to_petal_length_ratio': 3.2322580645161287, 'sepal_to_petal_width_ratio': 15.249999999999996, 'sepal_petal_length_diff': 3.46, 'sepal_petal_width_diff': 3.9899999999999993, 'petal_curvature_mm': 5.26, 'petal_texture_trichomes_per_mm2': 20.19, 'leaf_area_cm2': 49.28, 'sepal_area_sqrt': 4.625224318884436, 'petal_area_sqrt': 0.6587867636800242, 'area_ratios': 49.29193548387096}""}, 'sort_key': {'S': 'abc'}}, 'SequenceNumber': '10300000000027454262380', 'SizeBytes': 772, 'StreamViewType': 'NEW_IMAGE'}, 'eventSourceARN': 'arn:aws:dynamodb:eu-central-1:992382589116:table/IrisExtended/stream/2024-04-29T18:23:44.327'}]}
"
1714415957357,"{'eventID': 'df545f462eb9eb4cc5eb7cd2b17315b2', 'eventName': 'INSERT', 'eventVersion': '1.1', 'eventSource': 'aws:dynamodb', 'awsRegion': 'eu-central-1', 'dynamodb': {'ApproximateCreationDateTime': 1714415957.0, 'Keys': {'partition_key': {'S': '18:39:16.462'}, 'sort_key': {'S': 'abc'}}, 'NewImage': {'partition_key': {'S': '18:39:16.462'}, 'Probability': {'S': '1.0'}, 'Actual': {'S': 'setosa'}, 'Class': {'S': 'setosa'}, 'Features': {'S': ""{'species': 'setosa', 'elevation': 263.1, 'soil_type': 1, 'sepal_length': 5.01, 'sepal_width': 4.27, 'petal_length': 1.55, 'petal_width': 0.28, 'sepal_area': 21.3927, 'petal_area': 0.434, 'sepal_aspect_ratio': 1.1733021077283372, 'petal_aspect_ratio': 5.535714285714286, 'sepal_to_petal_length_ratio': 3.2322580645161287, 'sepal_to_petal_width_ratio': 15.249999999999996, 'sepal_petal_length_diff': 3.46, 'sepal_petal_width_diff': 3.9899999999999993, 'petal_curvature_mm': 5.26, 'petal_texture_trichomes_per_mm2': 20.19, 'leaf_area_cm2': 49.28, 'sepal_area_sqrt': 4.625224318884436, 'petal_area_sqrt': 0.6587867636800242, 'area_ratios': 49.29193548387096}""}, 'sort_key': {'S': 'abc'}}, 'SequenceNumber': '10300000000027454262380', 'SizeBytes': 772, 'StreamViewType': 'NEW_IMAGE'}, 'eventSourceARN': 'arn:aws:dynamodb:eu-central-1:992382589116:table/IrisExtended/stream/2024-04-29T18:23:44.327'}
"
1714415957357,"{'partition_key': {'S': '18:39:16.462'}, 'Probability': {'S': '1.0'}, 'Actual': {'S': 'setosa'}, 'Class': {'S': 'setosa'}, 'Features': {'S': ""{'species': 'setosa', 'elevation': 263.1, 'soil_type': 1, 'sepal_length': 5.01, 'sepal_width': 4.27, 'petal_length': 1.55, 'petal_width': 0.28, 'sepal_area': 21.3927, 'petal_area': 0.434, 'sepal_aspect_ratio': 1.1733021077283372, 'petal_aspect_ratio': 5.535714285714286, 'sepal_to_petal_length_ratio': 3.2322580645161287, 'sepal_to_petal_width_ratio': 15.249999999999996, 'sepal_petal_length_diff': 3.46, 'sepal_petal_width_diff': 3.9899999999999993, 'petal_curvature_mm': 5.26, 'petal_texture_trichomes_per_mm2': 20.19, 'leaf_area_cm2': 49.28, 'sepal_area_sqrt': 4.625224318884436, 'petal_area_sqrt': 0.6587867636800242, 'area_ratios': 49.29193548387096}""}, 'sort_key': {'S': 'abc'}}
"
1714415957358,"END RequestId: f15700e2-9f63-4248-9674-af6174b39791
"
1714415957358,"REPORT RequestId: f15700e2-9f63-4248-9674-af6174b39791	Duration: 1.26 ms	Billed Duration: 2 ms	Memory Size: 128 MB	Max Memory Used: 78 MB	
"
1714415957597,"START RequestId: 259ec5e4-951a-4565-a863-d881ccd0b1aa Version: $LATEST
"
1714415957597,"{'Records': [{'eventID': 'c353093b87a32c38982316f95f754c19', 'eventName': 'INSERT', 'eventVersion': '1.1', 'eventSource': 'aws:dynamodb', 'awsRegion': 'eu-central-1', 'dynamodb': {'ApproximateCreationDateTime': 1714415957.0, 'Keys': {'partition_key': {'S': '18:39:16.673'}, 'sort_key': {'S': 'abc'}}, 'NewImage': {'partition_key': {'S': '18:39:16.673'}, 'Probability': {'S': '0.9473860383529068'}, 'Actual': {'S': 'setosa'}, 'Class': {'S': 'virginica'}, 'Features': {'S': ""{'species': 'setosa', 'elevation': 99.5, 'soil_type': 1, 'sepal_length': 4.34, 'sepal_width': 3.96, 'petal_length': 1.62, 'petal_width': 0.49, 'sepal_area': 17.1864, 'petal_area': 0.7938000000000001, 'sepal_aspect_ratio': 1.095959595959596, 'petal_aspect_ratio': 3.306122448979592, 'sepal_to_petal_length_ratio': 2.6790123456790123, 'sepal_to_petal_width_ratio': 8.081632653061224, 'sepal_petal_length_diff': 2.72, 'sepal_petal_width_diff': 3.47, 'petal_curvature_mm': 5.13, 'petal_texture_trichomes_per_mm2': 20.52, 'leaf_area_cm2': 58.36, 'sepal_area_sqrt': 4.145648320829928, 'petal_area_sqrt': 0.8909545442950499, 'area_ratios': 21.65079365079365}""}, 'sort_key': {'S': 'abc'}}, 'SequenceNumber': '10400000000027454262625', 'SizeBytes': 786, 'StreamViewType': 'NEW_IMAGE'}, 'eventSourceARN': 'arn:aws:dynamodb:eu-central-1:992382589116:table/IrisExtended/stream/2024-04-29T18:23:44.327'}]}
"
1714415957597,"{'eventID': 'c353093b87a32c38982316f95f754c19', 'eventName': 'INSERT', 'eventVersion': '1.1', 'eventSource': 'aws:dynamodb', 'awsRegion': 'eu-central-1', 'dynamodb': {'ApproximateCreationDateTime': 1714415957.0, 'Keys': {'partition_key': {'S': '18:39:16.673'}, 'sort_key': {'S': 'abc'}}, 'NewImage': {'partition_key': {'S': '18:39:16.673'}, 'Probability': {'S': '0.9473860383529068'}, 'Actual': {'S': 'setosa'}, 'Class': {'S': 'virginica'}, 'Features': {'S': ""{'species': 'setosa', 'elevation': 99.5, 'soil_type': 1, 'sepal_length': 4.34, 'sepal_width': 3.96, 'petal_length': 1.62, 'petal_width': 0.49, 'sepal_area': 17.1864, 'petal_area': 0.7938000000000001, 'sepal_aspect_ratio': 1.095959595959596, 'petal_aspect_ratio': 3.306122448979592, 'sepal_to_petal_length_ratio': 2.6790123456790123, 'sepal_to_petal_width_ratio': 8.081632653061224, 'sepal_petal_length_diff': 2.72, 'sepal_petal_width_diff': 3.47, 'petal_curvature_mm': 5.13, 'petal_texture_trichomes_per_mm2': 20.52, 'leaf_area_cm2': 58.36, 'sepal_area_sqrt': 4.145648320829928, 'petal_area_sqrt': 0.8909545442950499, 'area_ratios': 21.65079365079365}""}, 'sort_key': {'S': 'abc'}}, 'SequenceNumber': '10400000000027454262625', 'SizeBytes': 786, 'StreamViewType': 'NEW_IMAGE'}, 'eventSourceARN': 'arn:aws:dynamodb:eu-central-1:992382589116:table/IrisExtended/stream/2024-04-29T18:23:44.327'}
"
1714415957598,"{'partition_key': {'S': '18:39:16.673'}, 'Probability': {'S': '0.9473860383529068'}, 'Actual': {'S': 'setosa'}, 'Class': {'S': 'virginica'}, 'Features': {'S': ""{'species': 'setosa', 'elevation': 99.5, 'soil_type': 1, 'sepal_length': 4.34, 'sepal_width': 3.96, 'petal_length': 1.62, 'petal_width': 0.49, 'sepal_area': 17.1864, 'petal_area': 0.7938000000000001, 'sepal_aspect_ratio': 1.095959595959596, 'petal_aspect_ratio': 3.306122448979592, 'sepal_to_petal_length_ratio': 2.6790123456790123, 'sepal_to_petal_width_ratio': 8.081632653061224, 'sepal_petal_length_diff': 2.72, 'sepal_petal_width_diff': 3.47, 'petal_curvature_mm': 5.13, 'petal_texture_trichomes_per_mm2': 20.52, 'leaf_area_cm2': 58.36, 'sepal_area_sqrt': 4.145648320829928, 'petal_area_sqrt': 0.8909545442950499, 'area_ratios': 21.65079365079365}""}, 'sort_key': {'S': 'abc'}}
"
1714415957604,"{'ResponseMetadata': {'RequestId': '0JKJ4OK7SOJBJFE5ECG17UTS3NVV4KQNSO5AEMVJF66Q9ASUAAJG', 'HTTPStatusCode': 200, 'HTTPHeaders': {'server': 'Server', 'date': 'Mon, 29 Apr 2024 18:39:17 GMT', 'content-type': 'application/x-amz-json-1.0', 'content-length': '2', 'connection': 'keep-alive', 'x-amzn-requestid': '0JKJ4OK7SOJBJFE5ECG17UTS3NVV4KQNSO5AEMVJF66Q9ASUAAJG', 'x-amz-crc32': '2745614147'}, 'RetryAttempts': 0}}
"
1714415957617,"END RequestId: 259ec5e4-951a-4565-a863-d881ccd0b1aa
"
1714415957617,"REPORT RequestId: 259ec5e4-951a-4565-a863-d881ccd0b1aa	Duration: 19.46 ms	Billed Duration: 20 ms	Memory Size: 128 MB	Max Memory Used: 78 MB	
"
1714415957847,"START RequestId: ada90c7d-abca-464f-a115-327a15194492 Version: $LATEST
"
1714415957847,"{'Records': [{'eventID': '9a967b12d28592097bc4662336585f8d', 'eventName': 'INSERT', 'eventVersion': '1.1', 'eventSource': 'aws:dynamodb', 'awsRegion': 'eu-central-1', 'dynamodb': {'ApproximateCreationDateTime': 1714415957.0, 'Keys': {'partition_key': {'S': '18:39:16.914'}, 'sort_key': {'S': 'abc'}}, 'NewImage': {'partition_key': {'S': '18:39:16.914'}, 'Probability': {'S': '1.0'}, 'Actual': {'S': 'setosa'}, 'Class': {'S': 'setosa'}, 'Features': {'S': ""{'species': 'setosa', 'elevation': 268.6, 'soil_type': 1, 'sepal_length': 4.95, 'sepal_width': 2.92, 'petal_length': 1.65, 'petal_width': 0.28, 'sepal_area': 14.454, 'petal_area': 0.462, 'sepal_aspect_ratio': 1.6952054794520548, 'petal_aspect_ratio': 5.892857142857142, 'sepal_to_petal_length_ratio': 3.0000000000000004, 'sepal_to_petal_width_ratio': 10.428571428571429, 'sepal_petal_length_diff': 3.3000000000000003, 'sepal_petal_width_diff': 2.64, 'petal_curvature_mm': 5.47, 'petal_texture_trichomes_per_mm2': 14.52, 'leaf_area_cm2': 52.49, 'sepal_area_sqrt': 3.801841658985813, 'petal_area_sqrt': 0.6797058187186572, 'area_ratios': 31.285714285714285}""}, 'sort_key': {'S': 'abc'}}, 'SequenceNumber': '10500000000027454262871', 'SizeBytes': 772, 'StreamViewType': 'NEW_IMAGE'}, 'eventSourceARN': 'arn:aws:dynamodb:eu-central-1:992382589116:table/IrisExtended/stream/2024-04-29T18:23:44.327'}]}
"
1714415957847,"{'eventID': '9a967b12d28592097bc4662336585f8d', 'eventName': 'INSERT', 'eventVersion': '1.1', 'eventSource': 'aws:dynamodb', 'awsRegion': 'eu-central-1', 'dynamodb': {'ApproximateCreationDateTime': 1714415957.0, 'Keys': {'partition_key': {'S': '18:39:16.914'}, 'sort_key': {'S': 'abc'}}, 'NewImage': {'partition_key': {'S': '18:39:16.914'}, 'Probability': {'S': '1.0'}, 'Actual': {'S': 'setosa'}, 'Class': {'S': 'setosa'}, 'Features': {'S': ""{'species': 'setosa', 'elevation': 268.6, 'soil_type': 1, 'sepal_length': 4.95, 'sepal_width': 2.92, 'petal_length': 1.65, 'petal_width': 0.28, 'sepal_area': 14.454, 'petal_area': 0.462, 'sepal_aspect_ratio': 1.6952054794520548, 'petal_aspect_ratio': 5.892857142857142, 'sepal_to_petal_length_ratio': 3.0000000000000004, 'sepal_to_petal_width_ratio': 10.428571428571429, 'sepal_petal_length_diff': 3.3000000000000003, 'sepal_petal_width_diff': 2.64, 'petal_curvature_mm': 5.47, 'petal_texture_trichomes_per_mm2': 14.52, 'leaf_area_cm2': 52.49, 'sepal_area_sqrt': 3.801841658985813, 'petal_area_sqrt': 0.6797058187186572, 'area_ratios': 31.285714285714285}""}, 'sort_key': {'S': 'abc'}}, 'SequenceNumber': '10500000000027454262871', 'SizeBytes': 772, 'StreamViewType': 'NEW_IMAGE'}, 'eventSourceARN': 'arn:aws:dynamodb:eu-central-1:992382589116:table/IrisExtended/stream/2024-04-29T18:23:44.327'}
"
1714415957847,"{'partition_key': {'S': '18:39:16.914'}, 'Probability': {'S': '1.0'}, 'Actual': {'S': 'setosa'}, 'Class': {'S': 'setosa'}, 'Features': {'S': ""{'species': 'setosa', 'elevation': 268.6, 'soil_type': 1, 'sepal_length': 4.95, 'sepal_width': 2.92, 'petal_length': 1.65, 'petal_width': 0.28, 'sepal_area': 14.454, 'petal_area': 0.462, 'sepal_aspect_ratio': 1.6952054794520548, 'petal_aspect_ratio': 5.892857142857142, 'sepal_to_petal_length_ratio': 3.0000000000000004, 'sepal_to_petal_width_ratio': 10.428571428571429, 'sepal_petal_length_diff': 3.3000000000000003, 'sepal_petal_width_diff': 2.64, 'petal_curvature_mm': 5.47, 'petal_texture_trichomes_per_mm2': 14.52, 'leaf_area_cm2': 52.49, 'sepal_area_sqrt': 3.801841658985813, 'petal_area_sqrt': 0.6797058187186572, 'area_ratios': 31.285714285714285}""}, 'sort_key': {'S': 'abc'}}
"
1714415957848,"END RequestId: ada90c7d-abca-464f-a115-327a15194492
"
1714415957848,"REPORT RequestId: ada90c7d-abca-464f-a115-327a15194492	Duration: 1.26 ms	Billed Duration: 2 ms	Memory Size: 128 MB	Max Memory Used: 78 MB	
"